,track_name,artist(s)_name,artist_count,released_year,released_month,released_day,in_spotify_playlists,in_spotify_charts,in_apple_playlists,in_apple_charts,in_deezer_playlists,in_deezer_charts,in_shazam_charts,bpm,key,mode,danceability_%,valence_%,energy_%,acousticness_%,instrumentalness_%,liveness_%,speechiness_%
316,You Proof,Morgan Wallen,1,2022,5,13,2128,9,37,88,9,0,14,120,A,Major,73,64,85,25,0,61,3
695,Adore You,Harry Styles,1,2019,12,6,13454,1,246,71,519,2,5,99,G#,Major,68,57,77,2,0,10,5
212,Piï¿½ï¿½man Deï¿,"Semicenk, Doï¿½ï¿½u ",2,2023,6,2,185,3,5,6,4,1,33,98,A#,Minor,73,45,62,28,0,13,13
79,CORAZï¿½ï¿½N VA,Maria Becerra,1,2023,6,22,370,20,12,16,18,4,93,98,C#,Major,68,40,79,33,0,30,6
148,Those Eyes,New West,1,2019,5,10,1507,14,24,71,44,1,195,120,E,Major,60,24,35,73,0,31,3
801,Crown,Kendrick Lamar,1,2022,5,13,1493,0,2,0,10,0,0,170,C#,Minor,37,14,24,80,0,11,4
672,HUMBLE.,Kendrick Lamar,1,2017,3,30,33206,1,284,114,"1,481",0,5,150,C#,Minor,91,42,60,0,0,9,12
307,I Know - PR1SVX Edit,"Kanii, PR1ISVX",2,2023,3,24,407,0,16,15,5,0,1,134,B,Minor,67,11,76,8,47,30,7
433,Levitating (feat. DaBaby),"Dua Lipa, DaBaby",2,2020,3,27,15894,8,198,13,544,0,60,103,F#,Minor,70,92,83,1,0,7,6
302,DOGTOOTH,"Tyler, The Creator",2,2023,3,27,1479,0,23,0,18,0,33,78,G#,Major,71,80,65,51,0,22,32
133,"Shakira: Bzrp Music Sessions, Vol. 53","Shakira, Bizarrap",2,2023,1,11,5724,44,119,108,254,29,22,122,D,Minor,78,50,63,27,0,9,5
522,Surface Pressure,Jessica Darrow,1,2021,11,19,1756,0,38,48,20,0,0,180,D,Major,65,37,58,2,0,4,31
578,Dos Oruguitas,Sebastian Yatra,1,2021,11,19,925,0,24,47,74,0,0,94,,Major,42,47,36,76,0,9,5
394,Escapism. - Sped Up,"RAYE, 070 Shake",2,2022,11,25,1368,0,12,1,11,0,8,108,F#,Minor,44,38,77,9,0,9,20
0,Seven (feat. Latto) (Explicit Ver.),"Latto, Jung Kook",2,2023,7,14,553,147,43,263,45,10,826,125,B,Major,80,89,83,31,0,8,4
673,Stan,"Eminem, Dido",2,1999,11,21,17115,0,83,63,"4,180",0,0,80,F#,Minor,78,53,74,4,0,45,21
519,MONTERO (Call Me By Your Name),Lil Nas X,1,2020,9,18,12329,0,275,19,738,0,,179,G#,Minor,61,76,51,30,0,38,15
931,Major Distribution,"Drake, 21 Savage",2,2022,11,4,1545,0,22,7,15,0,0,131,G#,Minor,91,23,55,1,0,7,32
494,Party,"Bad Bunny, Rauw Alejandro",2,2022,5,6,3185,4,38,64,37,3,36,97,A,Major,83,47,80,2,0,24,9
425,Dream On,Aerosmith,1,1973,1,5,168,0,0,0,5,0,0,80,F,Minor,39,24,43,39,0,23,3
333,on the street (with J. Cole),"j-hope, J. Cole",2,2023,3,3,615,2,22,82,8,0,9,94,B,Minor,68,81,82,53,0,9,13
172,Do I Wanna Know?,Arctic Monkeys,1,2013,1,1,33783,26,133,92,"2,733",1,26,85,F,Major,55,42,53,17,0,22,3
125,Feliz Cumpleaï¿½ï¿½os Fe,Feid,1,2022,8,19,3430,38,45,69,52,4,3,95,F,Major,87,57,55,10,0,29,7
355,ýýý98 Braves,Morgan Wallen,1,2023,3,3,282,0,6,15,0,0,0,142,D,Major,49,48,67,10,0,26,3
944,The Astronaut,Jin,1,2022,10,28,481,9,10,100,15,1,27,125,F,Major,54,22,76,0,0,14,3
858,Boyfriends,Harry Styles,1,2022,5,20,1517,0,26,2,30,0,0,118,,Major,42,32,20,94,0,11,4
90,Fast Car,Luke Combs,1,2023,3,24,1446,12,57,97,35,0,429,98,G#,Major,71,67,60,19,0,12,3
893,Heartless,Kanye West,1,2008,1,1,17504,34,63,39,"1,315",0,2,88,A#,Minor,79,66,65,5,0,25,14
181,Fin de Semana,"Oscar Maydon, Junior H",2,2023,1,13,592,14,11,84,6,1,30,98,,Major,70,37,54,6,0,9,8
274,Shivers,Ed Sheeran,1,2021,9,9,10147,30,234,71,543,18,,141,D,Major,79,82,86,28,0,4,9
851,Daydreaming,Harry Styles,1,2022,5,20,1900,1,15,1,23,0,0,114,E,Minor,71,90,81,31,2,13,3
69,Enchanted (Taylor's Version),Taylor Swift,1,2023,7,7,148,24,32,93,8,2,5,82,G#,Major,51,22,53,1,0,15,3
291,Gato de Noche,"Nengo Flow, Bad Bunny",2,2022,12,22,2651,30,21,55,32,3,0,94,G#,Major,89,61,66,17,0,36,16
131,OMG,NewJeans,1,2023,1,2,1783,27,26,124,15,1,22,127,A,Minor,80,74,77,36,0,11,4
300,REMIX EXCLUSIVO,Feid,1,2023,3,17,1235,9,20,8,15,0,6,87,F,Minor,65,71,56,4,0,15,20
377,Moscow Mule,Bad Bunny,1,2022,5,6,4572,33,74,113,85,9,2,100,F,Minor,80,29,67,29,0,12,3
144,QUEMA,"Sog, Ryan Castro, Peso Pluma",3,2023,7,13,437,31,17,29,26,3,208,97,,Major,79,92,89,5,0,6,5
552,Every Angel is Terrifying,The Weeknd,1,2022,1,7,715,0,0,1,2,0,0,118,,Major,44,52,94,11,0,4,29
135,"Calling (Spider-Man: Across the Spider-Verse) (Metro Boomin & Swae Lee, NAV, feat. A Boogie Wit da Hoodie)","Swae Lee, A Boogie Wit da Hoodie, Metro Boomin, NAV",4,2023,6,2,1051,16,31,37,31,0,189,140,,Major,63,22,54,46,0,12,8
164,Save Your Tears,The Weeknd,1,2020,3,20,12688,13,197,115,112,0,200,118,,Major,68,61,82,2,0,50,3
28,Last Night,Morgan Wallen,1,2023,1,31,2420,19,52,107,15,1,325,204,F#,Major,52,52,68,46,0,15,4
534,Toxic,BoyWithUke,1,2021,9,10,1795,0,34,23,118,0,,180,G#,Minor,59,69,61,84,0,46,36
193,Better Than Revenge (Taylor's Version),Taylor Swift,1,2023,7,7,86,11,3,33,3,0,1,146,B,Minor,50,67,89,0,0,19,8
531,Happier Than Ever,Billie Eilish,1,2021,7,30,8476,0,138,133,283,0,,65,,Major,31,31,24,76,0,14,4
728,Tom's Diner,"AnnenMayKantereit, Giant Rooks",2,2019,6,28,2605,0,15,48,50,0,3,98,F#,Minor,68,33,43,38,0,36,14
169,When I Was Your Man,Bruno Mars,1,2012,12,5,2420,11,0,0,806,0,0,145,,Major,60,43,27,94,0,14,4
436,Ferrari,"James Hype, Miggy Dela Rosa",2,2022,3,14,7758,28,173,79,175,0,168,125,C#,Minor,84,70,69,1,0,5,5
140,Believer,Imagine Dragons,1,2017,1,31,18986,23,250,121,"2,969",10,31,125,A#,Minor,77,74,78,4,0,23,11
173,Demons,Imagine Dragons,1,2012,1,1,26694,13,65,82,"3,425",4,13,180,D#,Major,33,38,71,20,0,28,5
6,Ella Baila Sola,"Eslabon Armado, Peso Pluma",2,2023,3,16,3090,50,34,222,43,13,418,148,F,Minor,67,83,76,48,0,8,3
611,Ley Seca,"Anuel Aa, Jhay Cortez",2,2021,9,2,2012,0,101,12,38,0,0,105,G#,Major,76,58,84,10,0,13,10
442,Last Christmas,Wham!,1,1984,1,1,22153,0,274,111,"1,302",0,,107,B,Minor,74,88,65,28,0,46,3
73,Sweater Weather,The Neighbourhood,1,2012,5,14,16413,61,166,87,"1,056",1,,124,A#,Major,61,41,81,5,2,10,3
650,Stay Alive (Prod. SUGA of BTS),Jung Kook,1,2022,2,11,590,5,4,113,20,0,1,130,D,Minor,51,50,76,30,0,10,7
370,Love Again,The Kid Laroi,1,2023,1,27,1283,0,57,4,48,0,0,107,B,Minor,66,47,40,72,0,11,3
238,"Link Up (Metro Boomin & Don Toliver, Wizkid feat. BEAM & Toian) - Spider-Verse Remix (Spider-Man: Across the Spider-Verse )","WizKid, Toian, Metro Boomin, Don Toliver, Beam",5,2023,6,2,197,0,3,10,3,0,0,101,F,Major,92,59,51,41,51,26,8
145,Stargirl Interlude,"The Weeknd, Lana Del Rey",2,2016,11,24,1275,32,13,8,5,0,1,90,F,Minor,59,52,48,38,5,10,11
755,IDGAF (with blackbear),"Blackbear, BoyWithUke",2,2022,3,18,625,0,10,2,13,0,1,98,F,Major,78,83,75,41,0,27,8
234,Niï¿½ï¿½a Bo,"Sean Paul, Feid",2,2023,4,21,1305,34,29,26,43,5,44,91,G,Major,82,47,62,10,0,10,15
220,Las Morras,"BLESSD, Peso Pluma",2,2023,4,4,291,8,8,78,4,1,1,133,A,Minor,78,90,84,31,0,7,4
423,Super Freaky Girl,Nicki Minaj,1,2022,8,12,4827,0,104,17,76,9,2,133,D,Major,95,91,89,6,0,31,24
447,It's the Most Wonderful Time of the Year,Andy Williams,1,1963,10,14,8879,0,182,107,160,0,1,202,G,Major,24,76,60,77,0,12,4
132,Radio,Lana Del Rey,1,2011,1,1,9389,46,24,122,282,3,368,150,D,Major,42,20,86,21,0,9,9
943,Privileged Rappers,"Drake, 21 Savage",2,2022,11,4,1007,0,6,5,3,0,0,144,F,Major,93,62,61,0,0,12,20
881,cï¿½ï¿½mo dormi,Rels B,1,2022,8,4,1452,35,16,15,20,0,0,126,C#,Major,63,56,43,24,0,12,23
185,Cheques,Shubh,1,2023,5,19,67,8,7,10,0,0,57,90,E,Minor,74,36,63,26,0,27,5
41,Sunflower - Spider-Man: Into the Spider-Verse,"Post Malone, Swae Lee",2,2018,10,9,24094,78,372,117,843,4,69,90,D,Major,76,91,50,54,0,7,5
581,Daddy Issues,The Neighbourhood,1,2015,10,30,9771,4,42,70,384,0,3,85,A#,Major,59,33,52,7,15,12,3
108,Bones,Imagine Dragons,1,2021,3,11,4198,44,98,108,327,17,153,114,F,Minor,77,65,72,2,0,7,5
481,Raindrops (Insane) [with Travis Scott],"Travis Scott, Metro Boomin",2,2022,12,2,880,0,3,7,10,0,0,112,G#,Major,80,15,54,9,0,38,5
56,Moonlight,Kali Uchis,1,2023,2,24,2649,42,67,79,57,1,615,137,G,Minor,64,88,72,51,0,17,5
363,Vista Al Mar,Quevedo,1,2022,9,8,1769,34,16,19,21,3,4,105,,Minor,76,49,56,80,12,10,13
449,Snowman,Sia,1,2017,1,1,5140,0,85,110,500,0,,105,C#,Major,72,33,51,48,0,9,3
535,drivers license,Olivia Rodrigo,1,2021,1,8,12685,3,185,61,485,0,,144,A#,Major,59,21,43,76,0,10,7
24,Popular (with Playboi Carti & Madonna) - The Idol Vol. 1 (Music from the HBO Original Series),"The Weeknd, Madonna, Playboi Carti",3,2023,6,2,1945,87,74,182,87,14,"1,093",99,C#,Major,85,83,68,7,0,36,20
551,Meet Me At Our Spot,"THE ANXIETY, Willow, Tyler Cole",3,2020,3,13,6734,0,47,14,90,0,1,95,D,Major,77,40,47,2,0,9,3
493,Too Late,SZA,1,2022,12,8,714,0,0,9,2,0,0,128,B,Major,45,35,68,78,0,39,8
501,Sacrifice,The Weeknd,1,2022,1,7,4440,0,81,77,133,0,,122,G,Major,70,91,79,3,0,7,10
338,Private Landing (feat. Justin Bieber & Future),"Don Toliver, Future, Justin Bieber",3,2023,2,23,1190,0,29,3,18,0,19,137,C#,Minor,84,44,67,8,0,11,6
51,Baby Don't Hurt Me,"David Guetta, Anne-Marie, Coi Leray",3,2023,4,6,4277,66,145,111,213,11,810,128,G,Major,60,23,91,0,0,12,3
467,SOS,SZA,1,2022,12,9,827,0,6,18,1,0,0,119,G,Minor,51,51,66,67,0,9,23
904,Talk that Talk,TWICE,1,2022,8,26,615,0,14,77,15,1,2,120,D#,Minor,77,78,91,14,0,33,12
603,HEARTBREAK ANNIVERSARY,Giveon,1,2020,2,21,5398,4,111,127,210,0,37,129,,Major,61,59,46,56,0,13,5
264,I AM,IVE,1,2023,4,10,366,15,16,102,7,0,55,122,E,Minor,68,38,88,1,0,8,5
622,Quï¿½ï¿½ Mï¿½ï¿,"J Balvin, Maria Becerra",2,2021,1,28,8087,0,92,34,131,0,0,102,G#,Major,89,77,82,3,0,17,11
649,Still D.R.E.,"Dr. Dre, Snoop Dogg",2,1999,1,1,33966,0,141,78,"6,591",1,0,93,B,Major,81,53,78,18,0,6,24
549,Love Nwantiti - Remix,"Ckay, AX'EL, Dj Yo!",3,2019,8,30,2696,0,42,2,57,0,,120,G#,Major,58,44,60,44,9,5,6
618,Cï¿½ï¿½,Rauw Alejandro,1,2021,6,25,2636,3,36,82,39,0,5,102,A,Minor,77,26,63,58,0,11,5
18,Classy 101,"Feid, Young Miko",2,2023,3,31,2610,40,43,100,54,14,187,100,B,Major,86,67,66,14,0,12,16
682,Malvada,Zï¿½ï¿½ Fe,1,2022,1,28,601,0,28,73,64,0,0,135,F,Minor,89,89,86,16,0,8,5
866,Betty (Get Money),Yung Gravy,1,2022,6,10,2402,0,45,2,26,0,1,102,C#,Major,73,62,75,0,0,34,8
717,Bohemian Rhapsody - Remastered 2011,Queen,1,1975,10,31,40112,3,321,162,"5,691",8,17,71,,Minor,41,23,40,27,0,30,5
367,Bombonzinho - Ao Vivo,"Israel & Rodolffo, Ana Castela",2,2022,11,3,1254,6,26,69,73,2,6,158,C#,Major,65,72,95,31,0,92,5
83,Back To December (Taylor's Version),Taylor Swift,1,2023,7,7,139,17,16,72,5,0,8,142,D,Major,50,20,64,1,0,12,3
61,Boy's a liar Pt. 2,"PinkPantheress, Ice Spice",2,2023,2,3,5184,41,154,84,102,14,37,133,F,Major,70,86,81,25,0,25,5
665,Excuses,"Intense, AP Dhillon, Gurinder Gill",3,2020,7,24,272,4,7,21,2,0,0,95,F,Minor,84,49,72,8,0,15,8
272,Princess Diana (with Nicki Minaj),"Nicki Minaj, Ice Spice",2,2023,4,14,1444,4,0,0,0,0,0,148,A,Major,90,74,68,14,0,10,19
285,Mami Chula,"Quevedo, Jhayco",2,2023,4,27,875,4,17,13,27,0,43,120,G,Minor,80,33,70,22,0,9,4
360,Lovezinho,Treyce,1,2022,7,28,242,0,12,2,13,0,4,128,E,Minor,82,61,59,30,0,12,4
354,Monotonï¿½,"Ozuna, Shakira",2,2022,10,19,3645,15,118,34,150,4,19,132,,Minor,87,82,70,42,0,21,5
408,After Dark,Mr.Kitty,1,2014,8,8,1776,14,1,9,3,0,0,140,G#,Major,58,4,60,7,41,8,3
278,DESPECHï¿,ROSALï¿½,1,2022,7,28,7613,33,180,90,422,15,55,130,G,Major,92,78,62,18,0,6,10
12,Flowers,Miley Cyrus,1,2023,1,12,12211,115,300,215,745,58,"1,021",118,,Major,71,65,68,6,0,3,7
182,Creep,Radiohead,1,1992,9,21,36724,7,146,72,"6,807",5,80,92,G,Major,53,12,34,1,0,12,4
368,LA CANCIï¿½,"J Balvin, Bad Bunny",2,2019,6,28,6398,31,177,109,305,3,5,176,G,Major,75,43,65,15,0,11,32
440,Payphone,"Maroon 5, Wiz Khalifa",2,2012,1,1,14143,4,56,38,"1,891",1,,110,E,Major,74,51,74,2,0,29,4
668,California Love - Original Version (Explicit),"Dr. Dre, 2Pac, Roger",3,1995,12,28,18773,0,128,17,"1,663",0,0,92,G,Major,77,76,84,3,0,38,4
223,Snow On The Beach (feat. More Lana Del Rey),"Lana Del Rey, Taylor Swift",2,2023,5,26,359,2,1,0,9,0,0,110,F#,Minor,66,32,40,81,0,11,3
544,It'll Be Okay,Shawn Mendes,1,2021,12,1,1950,0,56,8,104,0,10,78,G,Major,40,7,29,62,0,9,3
666,Cigarettes,Juice WRLD,1,2021,12,10,975,0,11,0,10,0,0,160,D,Major,60,47,62,3,0,38,4
900,Forget Me,Lewis Capaldi,1,2022,9,9,2520,4,93,95,84,9,202,102,C#,Minor,67,72,74,30,0,36,4
462,Do They Know It's Christmas? - 1984 Version,Band Aid,1,1984,11,25,14169,0,209,30,449,0,0,115,,Major,60,23,57,0,2,27,3
554,Peaches (feat. Daniel Caesar & Giveon),"Justin Bieber, Daniel Caesar, Giveon",3,2021,3,19,14140,0,231,52,612,6,,90,,Major,63,49,68,38,0,42,18
580,Acapulco,Jason Derulo,1,2021,9,1,3098,0,111,5,182,1,0,122,A#,Major,77,51,79,5,0,16,5
176,Shake It Off,Taylor Swift,1,2014,1,1,21335,13,328,70,"1,378",9,20,160,G,Major,65,95,80,5,0,41,16
634,Shallow,"Lady Gaga, Bradley Cooper",2,2018,9,27,16636,12,368,155,"2,854",6,121,96,G,Major,57,30,40,38,0,26,3
675,Swim,Chase Atlantic,1,2017,10,4,2742,0,5,1,62,0,0,120,G#,Major,67,8,54,27,0,8,4
559,Better Days (NEIKED x Mae Muller x Polo G),"NEIKED, Mae Muller, Polo G",3,2021,9,24,4091,0,105,2,73,13,1,110,,Minor,72,67,68,0,0,14,4
942,Con La Brisa,"Ludwig Goransson, Foudeqush",2,2022,11,4,486,0,8,1,7,0,0,114,D,Minor,62,25,44,51,33,14,3
163,Enchanted,Taylor Swift,1,2010,1,1,4564,16,24,101,113,0,40,164,G#,Major,45,24,62,8,0,16,3
248,Danger (Spider) (Offset & JID),"Offset, JID",2,2023,6,2,214,0,3,3,6,0,0,143,B,Major,83,25,69,4,0,23,12
604,No Lie,"Sean Paul, Dua Lipa",2,2016,11,18,7370,0,92,127,"1,219",0,62,102,G,Major,74,45,89,5,0,26,13
842,Love Of My Life,Harry Styles,1,2022,5,20,1933,0,13,2,31,0,0,118,G,Major,56,20,54,67,0,6,5
375,Besos Moja2,"Wisin & Yandel, ROSALï¿½",2,2022,9,29,2460,13,53,7,56,3,1,94,F,Minor,74,64,73,6,0,10,6
74,"Quevedo: Bzrp Music Sessions, Vol. 52","Bizarrap, Quevedo",2,2022,7,6,8506,45,94,65,164,14,176,128,D,Major,62,55,78,1,3,23,4
113,Mine (Taylor's Version),Taylor Swift,1,2023,7,7,99,15,21,52,6,1,0,121,G,Major,65,49,78,0,0,17,4
541,A Tale By Quincy,The Weeknd,1,2022,1,7,733,0,0,2,2,0,0,94,F,Minor,46,55,50,71,0,10,11
532,Moth To A Flame (with The Weeknd),"The Weeknd, Swedish House Mafia",2,2021,10,22,7495,17,114,172,284,2,,120,,Minor,56,16,67,0,0,11,4
390,Boy With Luv (feat. Halsey),"Halsey, BTS",2,2019,4,12,4260,0,113,92,259,0,1,120,B,Minor,65,80,86,9,0,19,10
104,New Jeans,NewJeans,1,2023,7,7,77,35,8,166,4,4,34,134,E,Minor,81,53,72,51,0,12,5
114,Everybody Wants To Rule The World,Tears For Fears,1,1985,2,17,41751,25,101,32,"2,655",0,666,112,G,Major,64,54,81,36,0,11,6
703,Hati-Hati di Jalan,Tulus,1,2022,3,3,200,2,12,4,0,0,0,72,F#,Major,64,76,44,70,9,12,4
409,Eu Gosto Assim - Ao Vivo,"Gustavo Mioto, Mari Fernandez",2,2022,9,16,1473,4,27,64,66,1,4,154,,Major,64,61,91,15,0,72,4
92,Coco Chanel,"Bad Bunny, Eladio Carrion",2,2023,3,17,1962,38,28,89,29,5,82,150,D,Major,68,14,76,4,0,10,4
536,Malvadï¿½ï¿,"Xamï¿½ï¿½, Gustah, Neo B",3,2021,11,30,648,1,14,3,81,0,0,133,F#,Minor,82,52,61,38,0,14,27
89,MONTAGEM - FR PUNK,"Ayparia, unxbected",2,2012,6,20,641,50,1,52,8,0,"1,170",129,A,Major,63,84,82,70,8,9,7
336,Ainï¿½ï¿½ï¿½t Tha,Morgan Wallen,1,2023,3,3,356,4,4,20,0,0,0,121,F#,Minor,64,67,80,0,0,36,3
941,"Would've, Could've, Should've",Taylor Swift,1,2022,10,21,1715,0,4,5,8,0,0,158,G,Major,48,55,84,43,0,15,12
876,Ai Preto,"L7nnon, DJ Biel do Furduncinho, Bianca",3,2022,6,3,894,4,28,0,54,0,0,130,F#,Major,95,83,57,54,0,10,25
887,ALIEN SUPERSTAR,Beyoncï¿,1,2022,7,29,2688,0,39,47,36,0,0,122,A#,Minor,55,46,64,0,0,17,10
764,About Damn Time,Lizzo,1,2022,4,14,9021,0,242,49,272,21,24,109,A#,Minor,84,72,74,10,0,34,7
658,In Da Club,50 Cent,1,2002,1,1,30427,7,235,106,"5,221",1,35,90,F#,Minor,90,79,71,26,0,7,37
582,thought i was playing,"21 Savage, Gunna",2,2022,1,7,807,0,3,0,5,0,0,148,C#,Major,68,29,73,0,0,7,7
94,Still With You,Jung Kook,1,2020,6,5,31,39,2,107,8,0,0,88,C#,Minor,53,34,47,9,0,83,4
11,Super Shy,NewJeans,1,2023,7,7,422,55,37,202,21,5,168,150,F,Minor,78,52,82,18,0,15,7
396,Dreamers [Music from the FIFA World Cup Qatar 2022 Official Soundtrack],"BTS, Jung Kook, FIFA Sound",3,2022,11,20,889,20,11,78,35,0,21,115,,Major,71,34,88,16,0,44,4
583,ELEVEN,IVE,1,2021,12,1,521,1,17,89,11,0,0,120,A,Major,83,59,73,6,0,5,11
43,See You Again,"Tyler, The Creator, Kali Uchis",3,2017,7,21,13387,64,77,58,247,1,311,79,F#,Major,56,58,56,37,0,11,10
42,I'm Good (Blue),"Bebe Rexha, David Guetta",2,2022,8,26,12482,80,291,184,537,45,727,128,G,Minor,56,38,97,4,0,35,4
329,LOKERA,"Brray, Rauw Alejandro, Lyanno",3,2022,7,25,3301,30,72,64,64,6,3,102,B,Minor,83,58,83,21,0,10,5
167,The Night We Met,Lord Huron,1,2015,2,2,18515,35,70,82,939,1,162,174,D,Major,45,10,37,97,25,64,4
444,Jingle Bell Rock,Bobby Helms,1,1957,1,1,10326,0,165,99,104,0,,119,D,Major,74,78,37,84,0,6,3
833,Cash In Cash Out,"Pharrell Williams, Tyler, The Creator, 21 Savage",4,2022,6,10,2313,0,34,0,29,0,0,120,G,Major,88,15,56,1,0,8,6
570,Volando - Remix,"Sech, Bad Bunny, Mora",3,2021,7,8,3272,19,101,34,70,1,2,154,F#,Major,66,63,69,21,0,11,7
720,Wake Me Up - Radio Edit,Avicii,1,2013,1,1,50887,34,315,160,"6,284",1,46,124,D,Major,53,66,78,0,0,16,5
100,Lover,Taylor Swift,1,2012,1,1,8448,23,160,110,163,0,5,206,G,Major,43,50,55,50,0,15,10
426,Limbo,Freddie Dredd,1,2022,8,11,688,0,14,1,17,0,2,75,B,Minor,80,46,62,3,6,11,46
178,SNAP,Rosa Linn,1,2022,3,19,3202,18,148,80,226,24,0,170,,Major,56,53,64,11,0,45,6
416,Blind,SZA,1,2022,12,9,1484,0,22,51,12,0,0,114,A,Minor,46,60,28,91,0,21,4
617,Way 2 Sexy (with Future & Young Thug),"Drake, Future, Young Thug",3,2021,9,3,5481,0,144,30,86,0,0,136,B,Minor,80,33,60,0,0,32,14
839,Satellite,Harry Styles,1,2022,5,20,3291,5,43,28,79,0,208,139,,Major,58,30,46,14,0,9,3
740,psychofreak (feat. WILLOW),"Camila Cabello, Willow",2,2022,4,7,918,0,24,0,52,0,0,180,G,Minor,63,45,64,34,0,9,8
177,Why'd You Only Call Me When You're High?,Arctic Monkeys,1,2013,1,1,23389,29,54,70,"1,089",2,1,92,D,Major,70,81,63,4,0,8,4
395,Space Song,Beach House,1,2015,1,1,17852,4,69,76,335,0,,147,,Minor,51,62,79,22,13,14,3
644,When Iï¿½ï¿½ï¿½m Gone (with Katy ,"Katy Perry, Alesso",2,2021,12,29,3270,0,89,21,65,0,0,125,,Major,69,70,89,4,0,49,3
756,Golden,Harry Styles,1,2019,12,13,8429,1,85,24,200,0,2,140,E,Minor,45,25,84,21,0,13,6
773,Me Fui de Vacaciones,Bad Bunny,1,2022,5,6,1443,0,9,11,22,1,0,85,A#,Major,71,43,65,23,0,9,5
383,ANTIFRAGILE,LE SSERAFIM,1,2022,10,17,761,12,23,95,11,0,3,105,A#,Minor,88,82,80,8,0,11,8
257,Haegeum,Agust D,1,2023,4,21,244,12,6,84,10,2,9,85,G,Major,70,83,84,31,0,47,30
757,Get Lucky - Radio Edit,"Pharrell Williams, Nile Rodgers, Daft Punk",3,2013,1,1,52898,0,203,1,"8,215",0,0,116,F#,Minor,79,87,81,4,0,10,4
335,Miss You,"Robin Schulz, Oliver Tree",2,2022,8,5,5730,10,108,16,197,3,165,145,F#,Minor,59,20,74,1,0,15,5
585,What Else Can I Do?,"Stephanie Beatriz, Diane Guerrero",2,2021,11,19,802,0,13,27,8,0,0,120,E,Major,72,54,71,26,0,10,4
15,Kill Bill,SZA,1,2022,12,8,8109,77,183,162,161,12,187,89,G#,Major,64,43,73,5,17,16,4
3,Cruel Summer,Taylor Swift,1,2019,8,23,7858,100,116,207,125,12,548,170,A,Major,55,58,72,11,0,11,15
926,Typa Girl,BLACKPINK,1,2022,9,16,452,10,2,129,13,0,1,132,G,Major,92,53,62,7,0,63,10
256,UNFORGIVEN (feat. Nile Rodgers),"Nile Rodgers, LE SSERAFIM",2,2023,5,1,327,13,14,110,9,0,49,104,E,Minor,80,38,88,11,0,11,5
588,happier,Olivia Rodrigo,1,2021,5,21,3069,4,25,46,105,0,45,169,F#,Major,39,36,45,81,0,8,13
722,Monï¿½ï¿½y so,YEAT,1,2021,9,10,1473,0,2,0,12,0,10,138,D,Major,69,35,57,12,0,10,9
822,San Lucas,Kevin Kaarl,1,2019,11,7,407,1,5,0,5,0,0,92,G,Major,58,27,36,86,0,9,3
914,Selfish,PnB Rock,1,2016,6,23,2468,0,15,0,0,0,0,102,C#,Minor,64,4,60,11,0,19,4
393,Jhoome Jo Pathaan,"Arijit Singh, Vishal Dadlani, Sukriti Kakar, Vishal-Shekhar, Shekhar Ravjiani, Kumaar",6,2022,12,22,138,4,13,78,2,0,0,105,G,Major,82,62,74,10,0,33,7
222,Ch y la Pizza,"Fuerza Regida, Natanael Cano",2,2022,12,1,536,10,10,72,8,3,14,149,G#,Major,66,85,60,40,0,14,13
179,Shape of You,Ed Sheeran,1,2017,1,6,32181,10,33,0,"6,808",7,0,96,C#,Minor,83,93,65,58,0,9,8
289,Don't ever say love me (feat. RM of BTS),"RM, Colde",2,2023,5,4,105,0,5,9,5,0,0,145,B,Minor,54,19,48,36,0,37,5
602,The Feels,TWICE,1,2021,10,1,1150,0,20,99,44,0,2,120,A,Major,81,92,90,9,0,8,7
324,Say You Won't Let Go,James Arthur,1,2016,9,9,15722,16,231,37,"1,509",0,13,99,A#,Major,40,45,56,69,0,9,5
689,When I R.I.P.,Labrinth,1,2019,10,4,2578,0,8,67,66,0,0,80,G#,Minor,39,45,55,73,0,9,21
9,La Bebe - Remix,"Peso Pluma, Yng Lvcas",2,2023,3,17,2953,44,49,110,66,13,339,170,D,Minor,81,56,48,21,0,8,33
249,Oi Balde - Ao Vivo,Zï¿½ï¿½ Neto & Crist,1,2023,2,14,845,2,12,57,47,1,33,108,D,Major,67,55,67,60,0,80,5
22,I Wanna Be Yours,Arctic Monkeys,1,2013,1,1,12859,110,24,98,582,2,73,135,,Minor,48,44,42,12,2,11,3
356,WANDA,Quevedo,1,2023,1,20,888,22,11,24,7,1,7,176,E,Minor,72,96,63,25,0,21,7
221,CHORRITO PA LAS ANIMAS,Feid,1,2022,12,2,2321,36,29,65,34,5,3,96,G#,Minor,74,61,83,11,0,35,6
635,Polaroid Love,ENHYPEN,1,2022,1,10,461,0,10,56,17,0,0,138,G,Minor,74,65,67,46,0,36,4
820,Iris,The Goo Goo Dolls,1,1998,3,31,13101,9,137,5,582,0,0,156,B,Minor,32,49,72,0,0,9,4
936,Mastermind,Taylor Swift,1,2022,10,21,1936,0,7,5,13,0,0,126,E,Major,66,12,35,55,0,9,14
915,Sin Seï¿½ï,"Ovy On The Drums, Quevedo",2,2022,7,22,1097,2,18,10,13,1,1,118,B,Minor,82,75,85,33,1,11,4
340,Heaven,Niall Horan,1,2023,2,17,1553,2,61,6,48,0,150,92,F,Major,57,68,76,7,0,33,3
431,Evergreen (You Didnï¿½ï¿½ï¿½t Deserve Me A,Omar Apollo,1,2022,4,8,2499,0,70,0,49,0,0,82,A,Major,70,31,34,60,1,11,4
523,Starry Eyes,The Weeknd,1,2022,1,7,1014,0,1,17,11,0,0,86,A,Minor,28,13,41,50,0,19,3
793,House Of Memories,Panic! At The Disco,1,2016,1,15,2948,0,10,2,150,0,0,110,B,Minor,51,48,82,0,0,5,3
670,Down Under (feat. Colin Hay),"Luude, Colin Hay",2,2021,11,19,3541,2,57,13,50,1,7,172,B,Minor,31,4,86,1,0,28,17
203,AMG,"Natanael Cano, Gabito Ballesteros, Peso Pluma",3,2022,11,24,995,19,12,117,9,5,3,136,B,Minor,77,79,73,15,0,27,10
601,Vai Lï¿½ï¿½ Em Casa ,"Marï¿½ï¿½lia Mendonï¿½ï¿½a, George Henrique &",2,2021,10,22,772,0,7,3,89,0,0,158,G#,Minor,46,62,83,53,0,97,28
445,It's Beginning To Look A Lot Like Christmas,Michael Bublï¿,1,2011,10,14,12353,0,35,0,549,0,0,93,E,Major,35,38,23,91,0,29,3
237,Lavender Haze,Taylor Swift,1,2022,10,21,3763,8,51,43,38,10,1,97,A#,Major,73,10,44,26,0,16,8
93,Donï¿½ï¿½ï¿½t Bl,Taylor Swift,1,2017,11,8,4875,23,19,45,0,0,10,136,A,Minor,62,19,53,11,0,6,4
530,The Motto,"Tiï¿½ï¿½sto, Ava",2,2021,11,4,9151,6,240,107,268,0,5,118,G,Minor,75,46,76,3,0,9,4
878,die first,Nessa Barrett,1,2022,6,24,767,0,25,0,22,0,0,183,G#,Minor,44,44,67,7,0,12,13
593,Rolling in the Deep,Adele,1,2010,11,29,35684,6,195,125,"6,280",2,78,105,G#,Major,73,52,76,13,0,5,3
797,Rich - Interlude,Kendrick Lamar,1,2022,5,13,1103,0,0,0,0,0,0,104,G,Major,44,74,42,88,0,9,9
284,METAMORPHOSIS,INTERWORLD,1,2021,11,25,1561,24,18,78,24,0,30,175,G,Minor,59,15,64,43,90,12,10
184,Apocalypse,Cigarettes After Sex,1,2017,3,21,13091,17,61,96,790,2,116,94,F,Major,37,17,47,2,46,11,3
765,Die Hard,"Kendrick Lamar, Blxst, Amanda Reifer",3,2022,5,13,4627,0,38,13,32,0,0,101,C#,Minor,78,40,74,36,0,17,27
777,Andrea,"Buscabulla, Bad Bunny",2,2022,5,6,1195,0,8,30,13,1,1,103,C#,Minor,80,45,62,76,0,10,38
434,Woman,Doja Cat,1,2021,6,25,9424,0,202,50,463,4,,108,F,Minor,82,88,76,9,0,12,9
932,Pussy & Millions (feat. Travis Scott),"Drake, Travis Scott, 21 Savage",3,2022,11,4,1930,0,24,8,17,0,1,122,E,Minor,75,45,63,6,0,35,12
153,Nosso Quadro,"Ana Castela, AgroPlay",2,2023,2,2,894,9,14,88,66,3,72,160,A,Major,69,61,71,33,0,31,20
75,Viva La Vida,Coldplay,1,2008,1,1,33898,62,233,0,"4,095",9,0,138,F,Minor,49,42,62,9,0,11,3
450,Underneath the Tree,Kelly Clarkson,1,2013,10,25,6596,0,144,99,251,0,0,160,G#,Major,51,69,81,0,0,21,5
697,Something In The Way - Remastered 2021,Nirvana,1,1991,9,24,9514,0,45,27,"1,197",0,43,106,G#,Major,44,8,20,74,42,11,3
584,Mood (feat. Iann Dior),"24kgoldn, Iann Dior",2,2020,7,24,12854,0,237,27,636,0,,91,G,Minor,70,76,72,22,0,27,4
277,Komang,Raim Laode,1,2022,8,16,158,4,5,6,1,1,18,134,G,Major,70,35,41,41,0,10,3
68,Overdrive,Post Malone,1,2023,7,14,410,36,36,32,31,1,26,140,C#,Major,56,48,73,0,0,35,4
446,Santa Tell Me,Ariana Grande,1,2013,12,13,9408,0,231,106,439,0,,133,G,Major,46,53,63,5,0,30,18
598,The Business,Tiï¿½ï¿,1,2020,1,1,14311,0,255,32,582,0,14,120,G#,Minor,80,24,62,41,2,11,23
486,Snow On The Beach (feat. Lana Del Rey),"Taylor Swift, Lana Del Rey",2,2022,10,21,2415,0,33,57,30,0,11,110,A,Major,66,19,32,69,0,12,4
188,Just The Way You Are,Bruno Mars,1,2010,1,1,21106,13,82,0,"2,946",0,0,109,F,Major,63,46,85,1,0,9,5
271,PROVENZA,Karol G,1,2022,4,21,6587,34,114,104,147,11,20,111,C#,Major,87,53,52,66,1,11,5
236,AMERICA HAS A PROBLEM (feat. Kendrick Lamar),"Kendrick Lamar, Beyoncï¿",2,2023,5,19,896,0,34,2,33,0,1,126,C#,Major,78,20,70,1,0,16,4
487,Maroon,Taylor Swift,1,2022,10,21,2304,0,12,16,14,0,0,108,G,Major,64,4,40,6,0,10,6
117,Rara Vez,"Taiu, Milo j",2,2023,2,8,893,38,19,23,24,3,88,120,F,Minor,84,96,71,18,0,34,17
811,Where Did You Go?,"MNEK, Jax Jones",2,2022,1,26,4531,0,135,74,119,1,18,127,A#,Major,77,53,78,19,0,29,4
512,Take My Breath,The Weeknd,1,2021,8,6,2597,0,17,80,38,0,0,121,A#,Minor,70,35,77,1,0,26,4
525,One Right Now (with The Weeknd),"The Weeknd, Post Malone",2,2021,11,5,4771,0,68,18,75,0,1,97,C#,Major,68,72,78,4,0,7,5
721,"jealousy, jealousy",Olivia Rodrigo,1,2021,5,21,3257,0,10,0,70,0,0,164,A#,Minor,70,71,58,24,0,7,13
126,Can't Hold Us (feat. Ray Dalton),"Ray Dalton, Ryan Lewis, Macklemore",3,2011,8,16,6074,52,201,44,"6,551",2,0,146,D,Major,63,88,93,3,0,10,8
116,Tattoo,Loreen,1,2023,2,25,2988,59,74,102,145,18,925,150,D#,Minor,55,30,78,24,0,12,8
473,F2F,SZA,1,2022,12,9,989,0,5,9,1,0,0,90,D,Major,53,47,74,9,0,34,4
660,Ginseng Strip 2002,Yung Lean,1,2013,8,16,4310,0,13,0,113,1,3,115,C#,Major,60,37,71,8,0,48,4
57,La Bachata,Manuel Turizo,1,2022,5,26,6804,45,139,111,161,15,210,125,G,Minor,84,85,68,58,0,22,4
796,In The Stars,Benson Boone,1,2022,4,29,2224,8,48,40,87,1,210,78,A#,Major,36,30,54,34,0,14,5
867,Ojos Marrones,Lasso,1,2022,2,6,795,11,26,18,15,1,4,120,G#,Minor,81,72,65,4,0,14,4
369,Quï¿½ï¿½ Ago,"Yuridia, Angela Aguilar",2,2022,10,20,660,15,19,59,18,5,52,98,B,Major,73,88,57,56,0,5,2
268,Slut Me Out,NLE Choppa,1,2022,4,22,816,4,21,4,13,0,4,121,F#,Minor,94,71,61,12,0,53,42
46,I Ain't Worried,OneRepublic,1,2022,5,13,8431,76,241,127,458,37,332,140,,Major,71,82,81,11,0,6,5
349,Kahani Suno 2.0,Kaifi Khalil,1,2022,5,31,162,6,1,10,1,0,1,140,B,Major,58,26,38,91,0,10,4
195,Have You Ever Seen The Rain?,Creedence Clearwater Revival,1,1968,7,1,15890,14,71,37,653,0,167,116,,Major,74,76,70,7,0,13,3
952,Alone,Burna Boy,1,2022,11,4,782,2,27,18,32,1,0,90,E,Minor,61,32,67,15,0,11,5
794,Mr. Morale,"Kendrick Lamar, Tanna Leone",2,2022,5,13,1860,0,1,0,3,0,0,174,A,Major,73,26,54,30,0,34,32
850,Hold My Hand,Lady Gaga,1,2022,5,3,2528,0,63,8,270,2,105,148,G,Major,51,21,63,5,0,41,3
263,Cupid,Fifty Fifty,1,2023,2,24,526,10,15,93,30,0,320,120,D,Major,77,94,66,65,0,38,3
443,Rockin' Around The Christmas Tree,Brenda Lee,1,1958,1,1,14994,0,191,168,206,0,,140,G#,Major,70,85,41,71,0,45,5
643,25k jacket (feat. Lil Baby),"Gunna, Lil Baby",2,2022,1,7,620,0,17,3,3,0,0,115,F,Minor,90,74,54,16,0,13,28
304,SORRY NOT SORRY,"Tyler, The Creator",2,2023,3,31,709,0,8,1,13,0,0,96,F#,Minor,48,50,80,40,0,37,20
341,LET GO,Central Cee,1,2022,12,15,2301,20,49,23,110,0,8,146,D,Minor,74,51,45,86,0,21,38
920,BABY OTAKU,"Fran C, Polima WestCoast, Nickoog Clk, Pablito Pesadilla",4,2022,8,18,836,0,14,1,13,0,0,102,A,Major,84,43,75,5,0,6,8
149,El Gordo Trae El Mando,Chino Pacas,1,2023,1,27,539,21,7,71,4,2,13,140,G,Minor,74,96,80,18,0,5,5
124,Por las Noches,Peso Pluma,1,2021,6,11,457,24,8,116,4,3,2,92,,Major,81,39,60,31,0,7,3
749,sentaDONA (Remix) s2,"Luï¿½ï¿½sa Sonza, MC Frog, Dj Gabriel do Borel, Davi K",4,2022,3,17,870,0,32,0,49,0,0,135,D#,Minor,93,77,45,25,0,13,27
50,El Cielo,"Feid, Myke Towers, Sky Rompiendo",3,2023,6,2,1298,38,44,64,57,10,110,106,A#,Minor,72,17,64,7,0,10,5
353,Bloody Mary,Lady Gaga,1,2011,1,1,3909,0,66,26,277,3,734,100,A,Minor,59,49,65,2,0,13,3
882,Bad Decisions (with BTS & Snoop Dogg),"Snoop Dogg, BTS, Benny Blanco",3,2022,8,5,1456,0,53,2,33,0,0,120,,Major,77,94,87,2,0,23,12
142,"Gol Bolinha, Gol Quadrado 2","Mc Pedrinho, DJ 900",2,2023,6,1,293,8,5,2,30,2,66,133,B,Minor,93,68,65,42,0,12,25
470,Driving Home for Christmas - 2019 Remaster,Chris Rea,1,1986,1,1,888,0,50,0,6,0,0,180,A,Major,51,87,58,36,0,18,4
399,TV,Billie Eilish,1,2022,7,21,3009,2,68,89,65,0,25,141,E,Minor,41,9,25,84,1,14,4
596,favorite crime,Olivia Rodrigo,1,2021,5,21,3681,0,20,21,99,0,7,173,A,Major,40,19,29,86,0,34,4
320,Gangsta's Paradise,"Coolio, L.V.",2,1995,7,11,10624,17,21,0,386,0,,80,G#,Major,63,40,61,9,0,56,6
19,Like Crazy,Jimin,1,2023,3,24,596,68,8,104,23,2,29,120,G,Major,63,36,73,0,0,36,4
770,Yo No Soy Celoso,Bad Bunny,1,2022,5,6,1179,0,7,21,11,0,0,142,,Major,87,93,59,28,0,17,5
753,MANIAC,Stray Kids,1,2022,3,18,651,0,6,188,20,0,0,120,C#,Major,58,71,80,15,0,7,41
930,Casei Com a Putaria,"MC Ryan SP, Love Funk, Mc Paiva ZS",3,2022,7,1,648,4,0,0,30,0,0,161,A#,Minor,59,62,60,12,0,5,44
407,Don't Start Now,Dua Lipa,1,2019,10,31,27119,0,532,77,"1,535",3,8,124,B,Minor,79,68,79,1,0,10,8
537,All Too Well (10 Minute Version) (Taylor's Version) (From The Vault),Taylor Swift,1,2021,11,12,4635,5,50,49,30,1,2,93,,Major,63,21,52,28,0,9,3
591,Before You Go,Lewis Capaldi,1,2019,11,1,8327,24,205,130,625,0,25,112,D#,Major,45,19,60,63,0,9,6
38,Style,Taylor Swift,1,2014,1,1,7830,42,94,111,151,4,82,95,D,Major,60,48,79,0,0,12,4
175,Reminder,The Weeknd,1,2016,11,25,6518,17,45,85,238,1,47,160,G#,Major,71,40,50,16,0,16,22
245,Rich Flex,"Drake, 21 Savage",2,2022,11,4,4657,18,84,84,42,0,23,153,B,Minor,56,42,52,5,0,36,24
789,El Apagï¿½,Bad Bunny,1,2022,5,6,1209,0,9,7,14,0,1,118,G#,Major,63,60,70,5,0,9,31
636,Leave Before You Love Me (with Jonas Brothers),"Marshmello, Jonas Brothers",2,2021,4,28,4893,4,143,24,110,0,70,120,G,Major,72,67,72,0,0,13,4
718,Hope,XXXTENTACION,1,2018,3,16,3659,0,11,10,267,0,7,146,A,Minor,59,23,46,66,0,15,6
817,10 Things I Hate About You,Leah Kate,1,2022,3,23,1301,0,23,1,15,0,0,154,G#,Major,54,45,79,1,0,17,5
154,Locked Out Of Heaven,Bruno Mars,1,2012,12,5,1622,9,0,0,356,0,0,144,F,Major,73,87,70,6,0,28,5
287,Set Me Free Pt.2,Jimin,1,2023,3,17,340,13,4,71,16,1,9,132,,Minor,59,56,82,12,0,12,6
783,Worldwide Steppers,Kendrick Lamar,1,2022,5,13,1480,0,1,0,5,0,0,72,A#,Minor,56,56,47,76,0,8,36
569,Salimo de Noche,"Trueno, Tiago pzk",2,2021,10,21,1057,0,17,5,21,0,0,84,D,Major,67,78,63,29,0,12,5
707,"Residente: Bzrp Music Sessions, Vol. 49","Residente, Bizarrap",2,2022,3,3,461,0,7,11,13,0,0,71,C#,Minor,59,70,74,56,0,11,40
17,"What Was I Made For? [From The Motion Picture ""Barbie""]",Billie Eilish,1,2023,7,13,873,104,80,227,95,24,"1,173",78,,Major,44,14,9,96,0,10,3
127,Watermelon Sugar,Harry Styles,1,2019,11,17,21915,34,437,115,"1,212",12,,95,,Major,55,56,82,12,0,34,5
322,I Love You So,The Walters,1,2014,11,28,7536,7,44,19,135,0,6,76,A#,Major,58,46,67,65,0,13,4
255,Curtains,Ed Sheeran,1,2023,5,5,715,0,37,3,27,0,50,176,F#,Minor,50,44,76,10,0,32,5
626,Fair Trade (with Travis Scott),"Drake, Travis Scott",2,2021,9,3,5403,6,118,116,96,0,3,168,C#,Major,67,29,47,5,0,22,26
918,THE LONELIEST,Mï¿½ï¿½ne,1,2022,10,7,1585,5,78,65,328,1,198,130,D,Major,52,24,60,0,0,8,3
190,Bebe Dame,"Fuerza Regida, Grupo Frontera",2,2022,12,16,849,22,27,129,21,7,111,157,G,Major,54,75,60,30,0,7,5
115,No Role Modelz,J. Cole,1,2014,12,9,21164,36,80,65,476,0,14,100,A#,Minor,70,47,52,30,0,6,33
587,Miserable Man,David Kushner,1,2022,1,7,788,0,13,0,32,1,0,110,A#,Major,63,31,35,93,0,29,3
180,Night Changes,One Direction,1,2014,11,17,7124,18,60,20,2,0,,120,G#,Major,67,40,52,86,0,12,4
301,"Arcï¿½ï¿½ngel: Bzrp Music Sessions, Vol","Arcangel, Bizarrap",2,2023,3,22,654,3,11,3,18,1,1,124,B,Minor,72,79,78,55,0,15,30
723,Demasiadas Mujeres,C. Tangana,1,2020,10,8,2226,0,36,2,11,0,14,126,A,Minor,67,37,46,13,0,10,39
679,Problemï¿½,"Alvaro Diaz, Rauw Alejandro",2,2021,10,22,1517,0,42,7,15,0,4,92,D,Minor,73,37,74,28,0,14,6
784,Aguacero,Bad Bunny,1,2022,5,6,829,0,4,15,10,0,0,121,F#,Minor,86,67,65,42,0,35,7
652,The Joker And The Queen (feat. Taylor Swift),"Ed Sheeran, Taylor Swift",2,2022,2,11,1430,0,46,1,34,0,0,134,,Major,53,31,31,92,0,28,3
630,Mr. Brightside,The Killers,1,2003,9,23,51979,15,306,99,"5,063",2,120,148,C#,Major,35,24,93,0,0,10,8
517,I Heard You're Married (feat. Lil Wayne),"The Weeknd, Lil Wayne",2,2022,1,7,1178,0,9,10,9,0,0,110,D,Major,75,85,84,10,0,31,19
937,Circo Loco,"Drake, 21 Savage",2,2022,11,4,1794,0,26,9,17,0,3,104,C#,Major,73,25,61,1,0,32,7
45,Angels Like You,Miley Cyrus,1,2020,11,27,3372,19,65,48,138,1,102,122,F,Major,67,49,64,10,0,10,3
864,ULTRA SOLO REMIX,"De La Ghetto, Feid, Polima WestCoast, Paloma Mami, Pailita",5,2022,6,16,2341,0,37,2,38,2,0,110,C#,Major,91,59,82,8,0,6,8
157,Counting Stars,OneRepublic,1,2013,1,1,29215,43,179,97,"3,394",11,153,122,C#,Minor,66,48,71,6,0,12,4
708,Jordan,Ryan Castro,1,2021,4,30,2844,2,29,2,35,1,0,180,A#,Minor,80,71,68,6,0,10,37
171,"Am I Dreaming (Metro Boomin & A$AP Rocky, Roisee)","A$AP Rocky, Metro Boomin, Roisee",3,2023,6,2,727,16,17,60,28,1,44,90,A,Minor,60,13,53,4,0,21,4
16,Cupid - Twin Ver.,Fifty Fifty,1,2023,2,24,2942,77,91,212,78,6,0,120,B,Minor,78,76,59,43,0,34,3
511,Less Than Zero,The Weeknd,1,2022,1,7,2800,0,18,77,61,0,1,143,,Major,53,50,79,0,0,8,3
48,Starboy,"The Weeknd, Daft Punk",2,2016,9,21,29536,79,281,137,"2,445",1,140,186,G,Major,68,49,59,16,0,13,28
924,2 Be Loved (Am I Ready),Lizzo,1,2022,7,14,3682,6,41,0,158,2,68,156,G,Major,72,92,77,9,0,8,11
800,Thousand Miles,The Kid Laroi,1,2022,4,22,2050,0,52,9,46,0,1,81,G,Major,38,20,66,9,0,9,8
515,Best Friends,The Weeknd,1,2022,1,7,1292,0,3,18,14,0,0,87,E,Minor,49,49,59,44,0,35,21
653,The Next Episode,"Dr. Dre, Snoop Dogg",2,1999,1,1,31762,0,142,40,"5,451",1,953,95,D#,Minor,92,31,89,3,0,8,25
480,I Hate U,SZA,1,2021,12,3,4094,0,66,96,43,0,0,107,G,Minor,54,41,39,51,0,11,16
283,Lovers Rock,TV Girl,1,2014,6,5,6339,13,3,1,36,1,37,105,F,Minor,56,57,87,0,1,10,4
678,212,"Mainstreet, Chefin",2,2022,1,15,352,0,10,0,39,0,0,154,D,Minor,79,86,52,66,0,9,7
225,Bite Me,ENHYPEN,1,2023,5,22,349,69,8,96,5,0,56,105,C#,Major,80,69,78,28,0,11,14
26,Calm Down (with Selena Gomez),"Rï¿½ï¿½ma, Selena G",2,2022,3,25,7112,77,202,119,318,38,96,107,B,Major,80,82,80,43,0,14,4
745,Me Arrepentï¿,"Ak4:20, Cris Mj, Pailita",3,2022,3,30,273,2,12,2,4,0,0,92,,Major,86,91,79,29,0,60,16
437,"You're On Your Own, Kid",Taylor Swift,1,2022,10,21,2537,2,8,18,20,0,1,120,D,Major,69,40,39,41,0,13,6
905,BILLIE EILISH.,Armani White,1,2022,1,20,2537,0,49,1,67,11,1,100,C#,Major,90,75,50,11,0,9,26
364,Sem Alianï¿½ï¿½a no ,"MC Xenon, Os Gemeos da Putaria",2,2022,12,23,454,4,6,1,21,0,1,83,C#,Major,53,40,36,73,0,11,33
229,Seu Brilho Sumiu - Ao Vivo,"Israel & Rodolffo, Mari Fernandez",2,2023,3,1,967,5,7,29,51,1,29,154,F#,Major,63,75,92,31,0,91,5
37,Blank Space,Taylor Swift,1,2014,1,1,11434,53,154,123,410,2,81,96,F,Major,75,57,68,9,0,13,6
919,Bye Bye,"Marshmello, Juice WRLD",2,2022,10,14,766,0,16,0,9,0,0,83,D#,Minor,65,24,53,6,0,51,4
374,ýýýýýýýýýýýýýýýýýýýýý,Fujii Kaze,1,2020,5,20,685,14,24,94,9,0,23,158,F#,Minor,60,52,76,17,0,19,5
469,White Christmas,"Bing Crosby, John Scott Trotter & His Orchestra, Ken Darby Singers",3,1942,1,1,11940,0,73,79,123,0,0,96,A,Major,23,19,25,91,0,40,3
921,Nxde,(G)I-DLE,1,2022,10,17,430,6,14,116,9,0,11,136,E,Minor,73,65,91,4,0,48,18
810,TUS Lï¿½ï¿½GR,"Sech, Mora",2,2022,4,1,1308,2,23,16,9,0,5,174,C#,Major,68,45,71,18,0,11,25
692,Gospel (with Eminem),"Eminem, Dr. Dre",2,2022,2,4,1040,0,8,0,29,0,0,117,C#,Major,92,62,86,11,0,24,24
194,Shut up My Moms Calling,Hotel Ugly,1,2020,2,10,1788,14,1,50,19,0,19,139,A,Minor,48,37,41,32,0,10,10
813,Honest (feat. Don Toliver),"Justin Bieber, Don Toliver",2,2022,4,29,1351,0,26,1,17,0,0,150,G#,Minor,82,82,66,13,0,11,6
823,This Love (Taylorï¿½ï¿½ï¿½s Ve,Taylor Swift,1,2022,5,6,1492,0,26,2,15,0,2,144,E,Major,47,7,50,32,0,7,4
503,Fingers Crossed,"Lauren Spencer Smith, Lauren Spencer Smith, Lauren Spencer Smith",3,2022,1,5,2235,0,65,7,70,16,6,109,F,Major,60,45,47,62,0,31,5
923,we fell in love in october,girl in red,1,2018,11,21,6858,0,31,21,15,0,4,130,G,Major,57,24,37,11,18,16,3
790,Callaita,"Bad Bunny, Tainy",2,2019,5,31,9539,15,162,116,355,7,0,176,D,Major,61,24,62,60,0,24,31
579,Freaks,Surf Curse,1,2015,5,10,3006,3,23,21,121,0,13,180,A,Major,35,41,94,0,63,5,5
922,Miss You,Southstar,1,1982,5,16,2020,0,77,10,119,0,40,145,A,Major,66,24,58,17,0,19,5
162,One Dance,"Drake, WizKid, Kyla",3,2016,4,4,43257,24,433,107,"3,631",0,26,104,C#,Major,77,36,63,1,0,36,5
669,Forgot About Dre,"Eminem, Dr. Dre",2,1999,1,1,19067,0,78,15,"1,674",0,3,134,G#,Major,93,61,74,9,0,17,8
152,Danza Kuduro,"Don Omar, Lucenzo",2,2010,1,1,17138,37,119,81,974,1,503,130,,Major,47,86,92,8,0,5,24
737,Pantysito,"Feid, Alejo, Robi",3,2022,3,18,2995,0,49,17,30,0,0,98,G,Minor,83,63,74,14,0,16,6
667,"Cayï¿½ï¿½ La Noche (feat. Cruz Cafunï¿½ï¿½, Abhir Hathi, Bejo, EL IMA)","Quevedo, La Pantera, Juseph, Cruz Cafunï¿½ï¿½, Bï¿½ï¿½jo, Abhir Hathi",7,2022,1,14,1034,1,19,5,12,0,0,174,F,Minor,67,74,75,44,0,7,30
847,Cinema,Harry Styles,1,2022,5,20,2171,0,18,1,28,0,0,106,A,Minor,83,90,64,35,5,9,4
111,Tak Segampang Itu,Anggi Marito,1,2022,12,2,213,6,7,6,0,0,48,130,F,Major,51,18,44,76,0,11,3
226,Stand By Me (feat. Morgan Wallen),"Lil Durk, Morgan Wallen",2,2023,5,26,381,5,23,82,6,0,113,134,B,Major,76,61,58,6,0,16,3
655,City of Gods,"Kanye West, Alicia Keys, Fivio Foreign",3,2022,2,11,2096,0,34,3,30,0,0,147,G#,Minor,47,50,80,10,0,32,38
103,Mockingbird,Eminem,1,2004,1,1,12985,61,49,98,"2,394",5,204,84,E,Minor,62,24,67,21,0,13,28
421,Niagara Falls (Foot or 2) [with Travis Scott & 21 Savage],"Travis Scott, 21 Savage, Metro Boomin",3,2022,12,2,1602,0,12,22,12,0,2,88,G,Minor,49,24,66,19,0,18,29
419,Gatita,Bellakath,1,2022,10,3,1054,0,9,0,15,0,1,101,G,Major,90,76,81,15,24,33,6
714,Freaky Deaky,"Tyga, Doja Cat",2,2022,2,25,1729,0,26,1,19,0,0,104,D,Minor,80,24,65,2,0,9,4
586,DANCE CRIP,Trueno,1,2021,11,17,731,0,14,14,24,0,4,106,,Major,86,86,79,11,0,8,9
743,Si Quieren Frontear,"De La Ghetto, Duki, Quevedo",3,2022,3,31,859,0,14,0,11,0,0,82,A#,Major,79,48,84,13,0,21,23
119,august,Taylor Swift,1,2020,7,24,7324,22,25,81,61,1,44,90,F,Major,51,42,61,53,0,9,3
53,(It Goes Like) Nanana - Edit,Peggy Gou,1,2023,6,15,2259,59,0,0,109,17,0,130,G,Minor,67,96,88,12,19,8,4
151,Bye,Peso Pluma,1,2023,5,26,324,14,13,110,8,2,60,122,,Major,78,70,81,57,0,10,5
403,One Kiss (with Dua Lipa),"Calvin Harris, Dua Lipa",2,2017,6,2,27705,10,537,122,"2,726",6,,124,A,Minor,79,59,86,4,0,8,11
899,Hold Me Closer,"Elton John, Britney Spears",2,2017,11,10,4967,0,165,10,177,4,73,126,,Major,67,49,77,11,0,19,11
207,Chanel,"Becky G, Peso Pluma",2,2023,3,30,681,10,15,92,21,2,26,132,D,Major,85,53,68,40,0,9,4
803,PUFFIN ON ZOOTIEZ,Future,1,2022,4,29,2350,0,28,42,23,0,0,125,G#,Major,88,28,66,6,0,13,31
852,Numb,"Marshmello, Khalid",2,2022,6,10,3879,2,107,76,86,1,9,120,,Minor,91,63,77,12,1,10,5
8,fukumean,Gunna,1,2023,5,15,1096,83,60,210,48,11,953,130,C#,Minor,85,22,62,12,0,28,9
795,That That (prod. & feat. SUGA of BTS),"PSY, Suga",2,2022,4,29,802,0,16,81,23,0,0,130,E,Major,91,91,96,3,0,3,9
36,Frï¿½ï¿½gil (feat. Grupo Front,"Yahritza Y Su Esencia, Grupo Frontera",2,2023,4,7,672,34,19,108,24,9,212,150,F#,Major,61,39,73,37,0,11,3
452,Holly Jolly Christmas,Michael Bublï¿,1,2011,10,14,7655,0,5,0,291,0,0,151,G,Major,65,70,47,87,0,9,4
651,Boyfriend,Dove Cameron,1,2022,2,11,3766,0,76,0,102,0,2,180,G,Minor,35,23,61,23,0,19,6
253,Glimpse of Us,Joji,1,2022,6,10,6330,6,109,42,158,3,31,170,G#,Major,44,27,32,89,0,14,5
303,10:35,"Tiï¿½ï¿½sto, Tate M",2,2022,11,1,4942,26,190,104,147,18,63,120,G#,Major,70,70,79,7,0,18,10
710,Chale,Eden Muï¿½ï,1,2022,2,18,695,11,16,41,13,1,1,189,G#,Major,55,86,44,40,0,7,4
571,Leave The Door Open,"Bruno Mars, Anderson .Paak, Silk Sonic",3,2021,3,5,14417,0,237,123,569,0,10,148,F,Major,59,72,62,18,0,9,3
623,All of Me,John Legend,1,2013,8,1,27221,0,308,118,"4,534",2,77,120,G#,Major,42,33,26,92,0,13,3
735,Wait a Minute!,Willow,1,2015,1,11,11985,0,79,80,250,3,10,101,D#,Minor,76,63,71,3,0,10,3
906,Ferxxo 100,Feid,1,2022,6,3,1647,30,20,49,23,2,2,164,G#,Minor,70,58,57,25,0,15,7
262,ceilings,Lizzy McAlpine,1,2022,4,8,3242,9,67,55,48,0,6,148,A,Major,51,27,33,48,0,22,3
610,Astronaut In The Ocean,Masked Wolf,1,2019,1,1,7191,0,146,18,478,0,7,150,E,Minor,78,47,70,18,0,15,9
297,Superman,"Eminem, Dina Rae",2,2002,5,26,7615,14,18,51,"1,005",0,0,130,E,Minor,80,64,76,2,0,20,6
414,Evoque Prata,"DJ Escobar, MC MENOR SG, MC MENOR HR",3,2022,9,9,852,0,14,1,50,0,0,87,G,Major,87,52,52,31,0,28,24
150,Mi Bello Angel,Natanael Cano,1,2023,6,30,86,8,7,76,3,1,93,128,A,Minor,81,90,77,1,0,9,5
751,Sigue,"Ed Sheeran, J Balvin",2,1996,11,24,1370,0,46,8,60,0,0,88,G,Major,89,59,64,5,0,19,7
640,'Till I Collapse,"Eminem, Nate Dogg",2,2002,5,26,22923,0,78,46,"2,515",1,0,171,C#,Major,55,10,85,7,0,8,20
845,Belly Dancer,"BYOR, Imanbek",2,2022,2,18,5115,13,109,38,301,1,33,122,C#,Major,85,42,80,6,0,17,14
550,Smokin Out The Window,"Bruno Mars, Anderson .Paak, Silk Sonic",3,2021,11,5,4963,0,63,40,76,0,0,82,D,Major,63,85,62,6,0,35,4
754,There's Nothing Holdin' Me Back,Shawn Mendes,1,2016,9,23,12382,0,229,57,"1,370",2,71,122,D,Major,86,97,80,36,0,9,6
488,Tubarï¿½ï¿½o Te,"Dj LK da Escï¿½ï¿½cia, Tchakabum, mc jhenny, M",4,2022,9,28,1003,0,21,0,44,0,0,130,E,Minor,89,48,74,30,0,7,36
147,Somewhere Only We Know,Keane,1,2004,1,1,20015,16,107,69,"5,239",0,558,172,A,Major,45,33,59,6,0,8,3
146,Ojitos Lindos,"Bomba Estï¿½ï¿½reo, Bad B",2,2022,5,6,6135,38,71,113,99,13,28,80,D#,Minor,65,27,69,8,0,53,4
687,Christmas Tree,V,1,2021,12,24,509,9,8,106,6,0,8,139,F,Major,44,18,38,70,0,12,4
885,Si Te La Encuentras Por Ahï¿,Feid,1,2022,8,5,1379,4,23,10,18,0,0,172,G#,Minor,74,46,58,15,0,13,8
704,"I'm Tired - From ""Euphoria"" An Original HBO Series",Labrinth,1,2022,2,4,1888,0,26,1,58,0,0,71,,Minor,28,26,20,19,0,30,3
659,she's all i wanna be,Tate McRae,1,2022,2,4,2711,0,105,12,51,0,12,160,D,Minor,61,65,64,1,0,12,4
348,Red Ruby Da Sleeze,Nicki Minaj,1,2023,3,3,1168,0,45,11,20,0,21,98,C#,Major,70,29,73,12,0,11,26
463,Ghost in the Machine (feat. Phoebe Bridgers),"SZA, Phoebe Bridgers",2,2022,12,9,1634,0,16,20,4,0,0,125,F#,Major,62,59,43,84,3,11,5
325,The Hills,The Weeknd,1,2015,5,27,25744,4,122,94,"1,992",0,18,136,,Minor,36,12,57,9,0,14,8
186,Pink + White,Frank Ocean,1,2016,8,20,21574,30,112,68,266,1,39,160,A,Major,54,54,55,67,0,42,11
123,Que Vuelvas,"Carin Leon, Grupo Frontera",2,2022,12,9,763,26,21,110,21,9,71,162,A#,Major,49,78,64,19,0,11,4
834,Potion (with Dua Lipa & Young Thug),"Calvin Harris, Dua Lipa, Young Thug",3,2022,5,27,3983,0,73,45,119,0,0,100,B,Minor,82,76,70,16,0,8,5
608,Bored,Billie Eilish,1,2017,3,30,4204,0,39,45,250,0,0,120,G,Major,60,11,33,90,0,8,5
143,Without Me,Eminem,1,2002,1,1,21081,43,98,76,"3,889",5,0,112,G,Major,92,67,66,0,0,36,9
912,Talk,YEAT,1,2022,9,2,920,0,10,1,8,0,0,140,E,Minor,70,26,76,8,0,54,23
197,POLARIS - Remix,"Feid, Mora, Saiko, Quevedo",4,2023,6,8,773,33,20,46,21,8,99,170,G#,Minor,62,55,80,15,0,37,7
609,Happier Than Ever - Edit,Billie Eilish,1,2021,7,28,1959,0,19,0,38,0,0,81,,Major,45,12,57,7,0,23,3
279,Made You Look,Meghan Trainor,1,2022,10,21,3956,6,142,23,127,3,16,145,A#,Major,84,88,53,35,0,8,7
293,Like Crazy (English Version),Jimin,1,2023,3,24,373,19,4,72,5,0,5,120,G,Major,62,32,76,0,0,39,4
400,I'm Not The Only One,Sam Smith,1,2014,1,1,17492,3,136,24,"1,959",0,30,82,F,Major,68,50,49,56,0,8,4
122,Nonsense,Sabrina Carpenter,1,2022,7,15,2346,27,69,12,38,8,64,139,G#,Major,74,68,68,3,0,26,4
183,Car's Outside,James Arthur,1,2019,10,18,794,10,38,25,61,0,263,150,A,Major,34,24,56,4,0,11,3
202,Acrï¿½ï¿½s,Shakira,1,2023,5,11,955,29,37,50,79,11,31,144,B,Major,75,35,48,84,0,10,12
438,"Kesariya (From ""Brahmastra"")","Pritam, Arijit Singh, Amitabh Bhattacharya",3,2022,7,17,292,6,26,98,4,0,0,94,,Major,58,44,57,57,0,10,3
246,Easy On Me,Adele,1,2021,10,14,10195,20,258,87,657,22,9,142,F,Major,60,13,37,58,0,13,3
415,How Do I Say Goodbye,Dean Lewis,1,2022,8,5,2163,15,72,97,58,0,154,82,G#,Major,40,39,64,21,0,7,7
861,En El Radio Un Cochinero,Victor Cibrian,1,2022,5,13,514,0,5,36,1,0,0,154,F#,Minor,70,97,62,47,0,10,4
732,X ï¿½ï¿½LTIMA,"Daddy Yankee, Bad Bunny",2,2022,3,25,2697,1,55,3,32,0,0,90,G,Major,81,59,83,9,0,11,5
844,So Good,Halsey,1,2022,6,9,1057,0,51,14,19,0,0,83,D#,Minor,63,29,62,4,0,18,4
129,"Rauw Alejandro: Bzrp Music Sessions, Vol. 56","Rauw Alejandro, Bizarrap",2,2023,6,21,871,32,25,59,32,5,88,128,B,Major,78,59,65,10,0,26,5
637,Permission to Dance,BTS,1,2021,7,9,1801,2,77,134,74,0,2,125,A,Major,70,65,74,1,0,34,4
402,"Besharam Rang (From ""Pathaan"")","Vishal-Shekhar, Shilpa Rao, Caralisa Monteiro, Kumaar, Vishal Dadlani, Shekhar Ravjiani",6,2022,12,12,130,4,21,79,2,0,0,116,G#,Minor,77,65,80,6,0,15,4
917,Poland,Lil Yachty,1,2022,6,23,1584,0,38,0,24,0,0,150,F,Minor,70,26,56,14,83,11,5
734,In My Head,Lil Tjay,1,2022,4,1,1185,0,21,0,31,0,0,143,C#,Major,68,41,55,16,0,10,12
868,POP!,Nayeon,1,2022,6,24,571,0,19,21,14,0,2,97,D,Major,80,36,86,4,0,3,5
219,Superhero (Heroes & Villains) [with Future & Chris Brown],"Future, Chris Brown, Metro Boomin",3,2022,12,2,2959,16,41,69,38,0,36,117,F,Minor,72,45,59,14,0,20,21
641,Memories,Maroon 5,1,2019,9,20,9974,2,272,67,"1,066",1,19,91,B,Major,77,60,32,84,0,8,5
870,MORE,j-hope,1,2022,7,1,565,0,6,52,11,0,0,97,D,Major,78,31,72,1,0,11,4
716,La Zona,Bad Bunny,1,2020,2,29,1188,0,13,1,15,0,1,94,C#,Minor,76,81,80,20,0,25,4
767,Un Ratito,Bad Bunny,1,2022,5,6,1112,6,7,30,13,1,1,93,,Minor,79,22,55,31,0,12,5
874,Sticky,Drake,1,2022,6,17,2814,0,38,105,25,0,2,137,A#,Minor,88,8,49,9,0,9,14
624,Smells Like Teen Spirit - Remastered 2021,Nirvana,1,1991,9,10,49991,9,265,121,"12,367",4,160,117,C#,Major,52,73,91,0,0,11,7
798,SUPERMODEL,Mï¿½ï¿½ne,1,2022,5,13,2265,0,93,12,173,11,3,121,G,Major,64,80,88,0,0,12,6
848,Die Young (feat. 347aidan),"Sleepy hallow, 347aidan",2,2022,5,25,896,0,19,0,15,0,0,77,B,Major,81,68,58,83,0,11,34
386,Shirt,SZA,1,2022,10,28,3469,0,71,95,31,0,2,120,D#,Minor,82,55,45,15,3,9,10
925,Celestial,Ed Sheeran,1,2022,9,29,1639,0,86,14,80,0,37,123,D,Major,57,50,85,5,0,16,4
509,Gasoline,The Weeknd,1,2022,1,7,2297,0,11,29,14,0,0,123,F#,Minor,74,35,73,0,0,21,5
267,Super,SEVENTEEN,1,2023,4,24,271,12,16,103,9,0,55,137,G#,Major,77,35,88,16,0,17,9
780,Savior,"Kendrick Lamar, Sam Dew, Baby Keem",3,2022,5,13,2291,0,9,0,8,0,0,123,G#,Major,61,66,71,53,0,32,46
441,All I Want for Christmas Is You,Mariah Carey,1,1994,10,28,25653,0,387,132,"2,094",0,,150,G,Major,34,33,63,16,0,7,4
496,Jingle Bells - Remastered 1999,Frank Sinatra,1,1957,1,1,4326,0,32,3,65,0,0,175,G#,Major,51,94,34,73,0,10,5
112,LAGUNAS,"Jasiel Nuï¿½ï¿½ez, Peso P",2,2023,6,22,58,18,2,106,4,2,184,116,B,Major,77,79,62,33,1,15,3
691,Forever,Labrinth,1,2019,10,4,3618,0,21,86,138,0,2,80,E,Minor,56,19,46,92,72,11,3
232,Lilith (feat. SUGA of BTS) (Diablo IV Anthem),"Halsey, Suga",2,2023,6,5,215,6,6,14,8,2,4,84,A,Minor,43,14,74,1,0,19,8
828,Music For a Sushi Restaurant,Harry Styles,1,2022,5,20,4449,1,80,11,66,0,1,107,B,Major,72,36,72,26,6,11,4
607,2055,Sleepy hallow,1,2021,4,14,2226,0,29,0,44,0,0,161,F#,Minor,78,65,52,46,0,12,31
671,Mujeriego,Ryan Castro,1,2021,12,17,1492,0,44,63,91,0,24,80,A,Major,76,92,62,6,0,8,13
373,Born With A Beer In My Hand,Morgan Wallen,1,2023,3,3,203,0,5,9,0,0,0,148,,Major,53,61,81,5,0,36,4
934,Question...?,Taylor Swift,1,2022,10,21,1608,0,10,3,12,0,0,109,G,Major,75,11,50,20,0,30,17
802,Auntie Diaries,Kendrick Lamar,1,2022,5,13,1545,0,1,0,4,0,0,78,G,Major,43,60,38,76,1,48,38
233,69,"Nicky Jam, Feid",2,2023,5,18,1134,22,39,14,48,2,3,93,G#,Major,79,58,62,11,0,11,23
774,Silent Hill,"Kendrick Lamar, Kodak Black",2,2022,5,13,3028,0,22,0,23,0,0,140,C#,Minor,92,78,57,46,0,14,9
676,A Tu Merced,Bad Bunny,1,2020,2,29,4214,11,21,20,40,0,0,92,,Major,86,89,79,17,0,11,6
317,LA INOCENTE,"Feid, Mora",2,2022,4,1,2598,37,28,57,43,8,85,92,F,Minor,76,46,79,31,0,7,6
648,MAMIII,"Karol G, Becky G",2,2022,2,10,6809,28,151,102,175,5,29,94,E,Minor,84,90,70,9,0,14,8
410,INDUSTRY BABY (feat. Jack Harlow),"Jack Harlow, Lil Nas X",2,2021,7,23,13315,0,300,47,690,0,,150,D#,Minor,74,89,70,2,0,5,6
854,Me and Your Mama,Childish Gambino,1,2016,11,10,8775,0,33,60,107,1,0,118,F,Major,56,25,45,1,3,7,3
709,Nail Tech,Jack Harlow,1,2022,2,18,2939,0,42,0,24,0,0,150,E,Minor,65,11,58,0,0,12,9
358,In The End,Linkin Park,1,2000,10,24,25065,6,63,0,"6,808",2,0,105,D#,Minor,55,40,90,1,0,32,6
258,Conexï¿½ï¿½es de Mï¿½ï¿½fia (feat. Rich ,"Rich The Kid, Matuï¿",2,2023,4,30,385,4,17,7,41,1,29,117,F#,Minor,77,69,58,39,0,26,5
627,Bar,"Tini, L-Gante",2,2021,11,11,755,4,22,3,0,0,0,94,C#,Major,52,68,69,13,0,33,8
632,AM Remix,"J Balvin, Nio Garcia, Bad Bunny",3,2021,6,24,6556,0,93,5,67,1,0,172,F#,Minor,74,79,66,11,0,8,16
282,Punto G,Quevedo,1,2022,11,4,1985,35,34,26,37,5,1,92,B,Minor,75,55,76,25,0,10,15
376,Maan Meri Jaan,King,1,2022,10,12,288,6,11,80,1,0,8,96,F#,Minor,70,40,51,35,0,10,4
384,Boy's a liar,PinkPantheress,1,2022,11,30,1225,0,27,0,28,13,0,133,F,Major,66,74,84,25,0,21,4
224,Players,Coi Leray,1,2022,11,30,4096,6,118,48,143,0,240,105,F#,Major,95,62,52,3,0,5,16
907,KU LO SA - A COLORS SHOW,Oxlade,1,2022,6,10,2019,8,117,72,107,1,7,93,A#,Minor,65,79,66,31,0,22,7
877,La Loto,"Anitta, Tini, Becky G",3,2022,7,6,945,0,49,3,57,0,0,90,C#,Major,85,80,83,10,0,8,11
472,Gone Girl,SZA,1,2022,12,9,892,0,3,17,2,0,0,150,F,Major,43,42,44,57,0,15,6
347,Man Made A Bar (feat. Eric Church),"Morgan Wallen, Eric Church",2,2023,3,3,329,0,14,35,1,0,0,148,E,Major,50,49,76,12,0,12,3
505,Do It To It,"Cherish, ACRAZE",2,2021,8,20,12403,0,183,63,465,0,11,125,B,Minor,85,64,81,2,5,7,9
639,RAPSTAR,Polo G,1,2021,4,9,4731,0,141,12,78,0,0,81,F#,Major,79,44,54,41,0,13,24
940,Sweet Nothing,Taylor Swift,1,2022,10,21,1747,0,9,6,13,0,2,177,,Major,34,39,16,97,0,12,5
883,STAYING ALIVE (feat. Drake & Lil Baby),"Drake, DJ Khaled, Lil Baby",3,2022,8,5,2107,0,51,1,50,0,0,130,E,Minor,72,18,46,7,0,28,8
950,A Veces (feat. Feid),"Feid, Paulo Londra",2,2022,11,3,573,0,2,0,7,0,0,92,C#,Major,80,81,67,4,0,8,6
619,Enemy - from the series Arcane League of Legends,"Imagine Dragons, League of Legends, Arcane",3,2021,10,27,824,0,8,8,8,2,0,77,G,Major,73,54,74,23,0,41,23
814,ZOOM,Jessi,1,2022,4,13,608,0,5,29,14,0,0,100,F#,Major,87,46,60,1,0,13,16
645,Esqueï¿½ï¿½a-Me Se For C,"Marï¿½ï¿½lia Mendonï¿½ï¿½a, Maiara &",2,2021,10,14,580,0,24,92,93,0,0,122,F#,Minor,80,62,69,28,0,13,7
806,"Paulo Londra: Bzrp Music Sessions, Vol. 23","Bizarrap, Paulo Londra",2,2022,4,25,928,0,19,0,7,0,0,96,,Major,61,32,90,25,0,10,9
556,"Tiago PZK: Bzrp Music Sessions, Vol. 48","Bizarrap, Tiago pzk",2,2021,12,29,1678,12,20,4,15,1,3,96,C#,Minor,66,76,82,47,0,10,32
911,Sparks,Coldplay,1,2000,7,10,10826,4,24,0,805,0,0,103,C#,Major,37,17,27,75,5,10,3
577,Phantom Regret by Jim,The Weeknd,1,2022,1,7,768,0,1,1,3,0,0,108,A,Minor,46,23,48,75,30,14,4
85,El Merengue,"Marshmello, Manuel Turizo",2,2023,3,3,2114,44,80,75,110,11,323,124,G#,Minor,78,70,68,3,1,11,4
242,Just Wanna Rock,Lil Uzi Vert,1,2022,10,17,3995,13,72,27,47,0,0,150,B,Major,49,4,55,7,0,6,3
698,Sweetest Pie,"Dua Lipa, Megan Thee Stallion",2,2022,3,11,3501,0,69,2,51,11,0,124,G,Major,81,68,63,17,0,10,22
159,Under The Influence,Chris Brown,1,2019,10,4,3859,26,133,181,3,0,,117,A,Minor,73,31,69,6,0,11,4
524,THATS WHAT I WANT,Lil Nas X,1,2021,9,17,7963,0,173,7,298,0,4,88,C#,Minor,74,55,85,1,0,5,22
35,Los del Espacio,"Big One, Duki, Lit Killah, Maria Becerra, FMK, Rusherking, Emilia, Tiago pzk",8,2023,6,1,1150,31,22,33,34,7,184,120,,Major,81,63,68,11,0,11,4
540,Entre Nosotros (Remix) [con Nicki Nicole],"Lit Killah, Maria Becerra, Tiago pzk, NICKI NICOLE",4,2022,1,5,759,3,32,0,12,0,0,170,F,Minor,70,61,44,40,0,37,4
170,Let Me Down Slowly,Alec Benjamin,1,2018,5,25,5897,19,0,0,885,0,0,150,C#,Minor,65,51,55,73,0,14,3
654,Light Switch,Charlie Puth,1,2022,1,19,4049,0,119,6,85,1,1,184,F#,Major,69,91,63,11,0,9,31
846,Keep Driving,Harry Styles,1,2022,5,20,2094,1,8,1,18,0,0,165,A,Major,72,90,48,32,0,18,23
816,FEARLESS,LE SSERAFIM,1,2022,5,2,629,0,18,75,9,0,0,104,G,Major,86,43,62,5,0,13,14
807,Savior - Interlude,Kendrick Lamar,1,2022,5,13,1194,0,0,0,3,0,0,118,F,Minor,66,83,43,84,0,19,19
898,Pipoco,"Melody, Ana Castela, Dj Chris No Beat",3,2022,5,20,1112,4,22,2,65,1,3,135,G#,Major,77,74,74,47,0,34,8
733,When You're Gone,Shawn Mendes,1,2022,3,31,2092,0,75,11,44,0,14,147,F,Major,60,58,69,2,0,58,4
95,All My Life (feat. J. Cole),"J. Cole, Lil Durk",2,2023,5,12,2175,23,69,145,69,2,478,143,D#,Major,83,69,44,15,0,10,33
563,pushin P (feat. Young Thug),"Young Thug, Future, Gunna",3,2022,1,7,3517,0,54,28,43,0,0,78,C#,Minor,77,49,42,1,1,13,19
240,Erro Gostoso - Ao Vivo,Simone Mendes,1,2023,1,27,984,5,8,57,76,2,49,154,F#,Major,59,63,89,18,0,80,9
742,Vampiro,"Matuï¿½ï¿½, Wiu, ",3,2022,1,30,540,4,26,3,39,0,0,115,G#,Minor,78,63,64,1,0,7,4
574,Love Grows (Where My Rosemary Goes),Edison Lighthouse,1,1970,1,1,2877,0,16,0,54,0,0,110,A,Major,53,75,69,7,0,17,3
690,Do We Have A Problem?,"Nicki Minaj, Lil Baby",2,2022,2,4,1064,0,42,1,26,0,0,120,C#,Minor,84,54,51,47,0,12,40
460,The Christmas Song (Merry Christmas To You) - Remastered 1999,Nat King Cole,1,1946,11,1,11500,0,140,72,251,0,0,139,C#,Major,36,22,15,84,0,11,4
553,Tacones Rojos,Sebastian Yatra,1,2021,10,22,3047,9,77,31,85,5,28,123,B,Minor,75,93,86,8,0,14,3
835,Born Singer,BTS,1,2022,6,10,279,0,0,18,6,0,0,158,G#,Minor,60,68,84,4,0,24,11
206,Hits Different,Taylor Swift,1,2023,5,26,547,0,15,15,6,0,0,106,F,Major,67,24,78,15,0,30,4
392,Calm Down,Rï¿½ï,1,2022,2,9,4013,10,107,44,750,22,,107,B,Major,81,82,78,38,0,12,4
397,Te Felicito,"Shakira, Rauw Alejandro",2,2022,4,21,4796,9,124,66,212,13,1,174,F,Major,70,57,64,23,0,8,32
766,Despuï¿½ï¿½s de la P,Bad Bunny,1,2022,5,6,2229,0,27,44,24,0,5,78,F,Major,56,61,90,36,0,18,31
808,Pasoori,"Shae Gill, Ali Sethi",2,2022,2,6,349,6,10,22,3,0,0,92,B,Minor,71,67,60,7,0,6,4
217,La Jumpa,"Arcangel, Bad Bunny",2,2022,11,30,3794,34,47,77,53,10,8,123,G#,Major,71,58,70,30,0,32,19
4,WHERE SHE GOES,Bad Bunny,1,2023,5,18,3133,50,84,133,87,15,425,144,A,Minor,65,23,80,14,63,11,6
768,United In Grief,Kendrick Lamar,1,2022,5,13,2575,0,4,5,12,0,51,87,G#,Major,52,32,83,24,0,17,43
642,Se Le Ve,"Arcangel, De La Ghetto, Justin Quiles, Lenny Tavï¿½ï¿½rez, Sech, Dalex, Dimelo Flow, Rich Music",8,2021,8,12,1560,0,72,0,0,0,0,84,G,Minor,56,61,76,10,0,14,11
853,Nos Comemos (feat. Ozuna),"Ozuna, Tiago pzk",2,2022,6,2,896,0,0,0,2,0,0,92,F#,Major,83,56,82,10,0,9,5
612,Every Summertime,NIKI,1,2021,8,10,1211,2,30,2,5,0,6,79,F#,Major,63,76,67,38,0,6,4
738,Chance,Paulo Londra,1,2022,4,6,225,0,11,0,7,0,0,138,C#,Minor,72,22,46,24,0,9,6
546,Super Gremlin,Kodak Black,1,2021,10,30,2551,0,52,15,35,0,1,73,D,Major,83,11,41,0,0,36,14
725,Closer,"The Chainsmokers, Halsey",2,2016,5,31,28032,0,315,159,"2,179",0,44,95,G#,Major,75,64,52,41,0,11,3
683,Hrs and Hrs,Muni Long,1,2021,11,19,1800,0,43,36,46,13,4,140,G#,Minor,51,66,53,60,0,11,18
98,Summertime Sadness,Lana Del Rey,1,2011,1,1,20333,52,89,143,"1,632",3,200,112,C#,Minor,56,24,66,7,0,12,3
804,Mirror,Kendrick Lamar,1,2022,5,13,1929,0,2,0,4,0,0,92,E,Minor,66,29,65,23,0,8,7
727,Somebody That I Used To Know,"Gotye, Kimbra",2,2011,1,1,42798,0,217,136,"6,508",1,,129,,Major,86,75,52,54,0,10,4
573,Don't Be Shy,"Tiï¿½ï¿½sto, Kar",2,2021,8,1,6026,0,171,51,187,1,21,120,B,Minor,77,51,79,20,0,26,6
406,WAIT FOR U (feat. Drake & Tems),"Drake, Future, Tems",3,2022,4,27,5491,14,128,84,75,0,35,83,C#,Major,46,34,64,31,0,7,34
502,Is There Someone Else?,The Weeknd,1,2022,1,7,2881,6,13,89,34,0,3,135,A,Minor,70,60,58,4,0,16,3
47,Die For You,The Weeknd,1,2016,11,24,2483,59,68,21,24,0,259,134,C#,Minor,59,51,52,9,0,15,7
32,Creepin',"The Weeknd, 21 Savage, Metro Boomin",3,2022,12,2,6036,88,113,149,245,23,27,98,C#,Minor,71,17,61,36,0,8,5
779,We Cry Together,"Kendrick Lamar, Taylour Paige",2,2022,5,13,1635,0,4,1,6,0,0,108,B,Major,65,52,69,31,0,8,36
200,"Annihilate (Spider-Man: Across the Spider-Verse) (Metro Boomin & Swae Lee, Lil Wayne, Offset)","Swae Lee, Lil Wayne, Offset, Metro Boomin",4,2023,6,2,551,4,13,46,20,1,10,146,B,Minor,61,20,48,21,0,12,6
134,505,Arctic Monkeys,1,2007,4,20,13985,25,30,80,588,1,1,140,,Major,52,20,85,0,0,7,5
27,MOJABI GHOST,"Tainy, Bad Bunny",2,2023,6,29,859,40,35,109,41,14,211,122,F#,Minor,81,74,71,14,0,56,4
837,La Llevo Al Cielo (Ft. ï¿½ï¿½engo F,"Nengo Flow, Anuel Aa, Chris Jedi, Chencho Corleone",4,2022,5,20,3559,3,36,1,31,0,1,170,A,Minor,80,77,85,11,0,17,14
230,Bad Habit,Steve Lacy,1,2022,6,29,8186,12,155,72,131,16,29,169,C#,Major,69,69,51,63,0,38,4
489,Bejeweled,Taylor Swift,1,2022,10,21,2699,0,39,35,22,2,0,164,G,Major,70,39,56,6,0,9,7
772,Cooped Up (with Roddy Ricch),"Post Malone, Roddy Ricch",2,2022,5,12,2942,0,42,28,43,0,0,125,,Major,50,39,78,4,0,11,33
378,My Universe,"Coldplay, BTS",2,2021,9,24,6127,13,0,0,0,0,0,105,A,Major,58,42,68,1,0,14,4
288,I Was Never There,"The Weeknd, Gesaffelstein",2,2018,3,29,4188,15,30,70,142,0,27,114,A#,Major,32,17,74,14,0,17,3
418,Doja,Central Cee,1,2022,7,20,4169,44,57,44,183,1,11,140,F#,Major,91,97,57,38,0,40,29
674,Contection,"GODZZ__-, Zakaria",2,2020,1,16,6955,0,65,45,398,0,1,166,A#,Minor,81,83,75,14,0,29,34
391,"Hey, Mickey!",Baby Tate,1,2016,9,27,482,0,9,1,12,4,3,135,D,Major,92,73,51,55,0,15,6
592,Sky,Playboi Carti,1,2020,12,25,3297,3,25,3,52,0,1,140,D,Major,79,56,91,26,0,13,21
498,On Time (with John Legend),"John Legend, Metro Boomin",2,2022,12,2,398,0,2,2,6,0,2,80,F,Minor,33,51,59,76,0,44,6
138,Perfect,Ed Sheeran,1,2017,1,1,16596,13,7,0,"2,094",0,0,95,G#,Major,60,17,45,16,0,11,2
62,Left and Right (Feat. Jung Kook of BTS),"Charlie Puth, BTS, Jung Kook",3,2022,6,24,3107,39,38,0,4,0,0,101,D,Major,88,72,59,62,0,9,3
471,Christmas (Baby Please Come Home),Darlene Love,1,1963,11,22,9122,0,121,58,212,0,0,126,D#,Major,34,35,76,39,0,8,5
647,Sï¿½ï¿½,"Anuel Aa, Myke Towers, Jhay Cortez",3,2021,11,18,903,0,30,26,15,0,0,90,F#,Minor,63,75,75,17,0,11,8
128,lovely - Bonus Track,"Billie Eilish, Khalid",2,2017,8,11,15032,30,221,96,"1,078",2,136,115,E,Minor,35,12,30,93,0,10,3
929,Bamba (feat. Aitch & BIA),"Luciano, Aitch, Bï¿½",3,2022,9,22,869,7,14,12,12,2,28,138,A#,Major,80,82,81,14,0,13,36
520,love nwantiti (ah ah ah),Ckay,1,2019,7,26,5669,2,74,0,262,14,,93,F,Minor,74,53,73,61,0,13,4
64,Hey Mor,"Ozuna, Feid",2,2022,10,6,4637,38,63,79,89,11,16,98,C#,Minor,90,40,59,0,0,10,29
812,I Tried to Tell Y'all,"Ugly Dray, Tesla Jnr",2,2022,5,6,1657,0,15,3,3,0,0,96,B,Major,71,37,52,62,0,11,36
14,As It Was,Harry Styles,1,2022,3,31,23575,130,403,198,863,46,,174,F#,Minor,52,66,73,34,0,31,6
156,Jimmy Cooks (feat. 21 Savage),"Drake, 21 Savage",2,2022,6,17,5871,27,81,121,58,1,34,163,,Major,54,40,67,0,0,9,17
40,El Azul,"Junior H, Peso Pluma",2,2023,2,10,692,25,10,107,6,3,62,144,A,Minor,56,84,65,23,0,10,6
492,Desesperados,"Chencho Corleone, Rauw Alejandro",2,2021,6,25,6821,34,83,58,128,7,0,90,C#,Minor,87,51,69,36,0,9,8
379,Devil Donï¿½ï¿½ï¿½,Morgan Wallen,1,2023,3,3,166,0,2,10,0,0,0,125,,Major,53,32,66,38,0,9,3
187,Circles,Post Malone,1,2019,8,30,19664,16,391,73,633,3,37,120,,Major,70,59,75,24,0,9,4
763,N95,Kendrick Lamar,1,2022,5,13,5542,0,52,16,65,0,206,140,D#,Minor,81,39,66,38,0,12,14
216,Escapism.,"RAYE, 070 Shake",2,2022,10,12,5129,25,116,84,114,18,348,96,D,Major,54,25,74,14,0,9,11
791,Dua Lipa,Jack Harlow,1,2022,5,6,1992,0,35,0,3,0,0,158,B,Major,83,41,65,0,10,11,8
52,AMARGURA,Karol G,1,2023,2,24,1133,39,14,71,23,10,176,107,F#,Minor,92,55,70,18,0,15,7
337,Thinkinï¿½ï¿½ï¿½ B,Morgan Wallen,1,2023,3,3,604,6,22,101,0,0,66,140,D#,Minor,66,43,76,49,0,12,3
748,RUMBATï¿½,Daddy Yankee,1,2022,3,25,1264,0,20,4,52,0,1,95,D#,Minor,69,90,91,6,0,35,4
719,Levitating,Dua Lipa,1,2020,3,27,9833,0,233,82,531,1,1,103,F#,Minor,69,90,88,5,0,29,8
724,Something Just Like This,"The Chainsmokers, Coldplay",2,2017,2,22,23375,21,336,188,"2,692",3,30,103,B,Minor,61,47,65,3,0,17,4
295,Sunroof,"Nicky Youre, Dazy",2,2021,12,3,3741,17,156,35,110,19,0,131,A#,Major,77,84,71,35,0,15,4
701,Envolver,Anitta,1,2021,11,11,4673,2,123,113,180,1,4,92,E,Minor,81,40,73,15,0,9,8
251,MERCHO,"Migrantes, LiL CaKe, Nico Valdi",3,2022,12,16,1267,20,41,22,56,4,84,93,F#,Minor,84,96,79,43,0,18,11
726,O.O,NMIXX,1,2022,2,22,290,0,9,66,10,0,0,200,B,Minor,39,28,77,4,0,6,29
461,Wonderful Christmastime - Edited Version / Remastered 2011,Paul McCartney,1,1979,11,16,1685,0,1,0,29,0,0,95,B,Major,75,74,58,36,0,9,3
455,Seek & Destroy,SZA,1,2022,12,9,1007,0,5,31,1,0,0,152,C#,Major,65,35,65,44,18,21,7
949,Bigger Than The Whole Sky,Taylor Swift,1,2022,10,21,1180,0,4,0,8,0,0,166,F#,Major,42,7,24,83,1,12,6
815,SloMo,Chanel,1,2021,12,24,1211,0,31,0,19,0,2,105,C#,Minor,73,59,81,13,0,9,6
269,Double Fantasy (with Future),"The Weeknd, Future",2,2023,4,21,1169,0,36,65,28,0,0,119,A,Minor,60,10,57,1,0,50,3
201,"Angel Pt 1 (feat. Jimin of BTS, JVKE & Muni Long)","Kodak Black, NLE Choppa, Muni Long, JVKE, Jimin",5,2023,5,1,577,14,22,18,15,1,0,74,A#,Minor,53,24,67,11,0,10,28
161,Gasolina,Daddy Yankee,1,2004,7,13,6457,18,98,95,453,0,454,96,,Major,86,74,80,33,0,8,6
555,Dakiti,"Bad Bunny, Jhay Cortez",2,2020,10,30,11215,21,189,166,525,9,25,110,E,Minor,73,14,57,40,0,11,5
729,First Class,Jack Harlow,1,2022,4,8,8737,0,163,32,137,15,12,107,G#,Major,91,32,56,3,0,11,10
401,Heather,Conan Gray,1,2020,3,20,6170,7,82,1,231,0,2,92,F,Major,47,25,43,62,0,32,3
702,Starlight,Dave,1,2022,3,3,1856,3,29,40,31,1,1,124,G,Major,95,36,37,35,0,10,28
476,It's Beginning to Look a Lot Like Christmas (with Mitchell Ayres & His Orchestra),"Perry Como, The Fontane Sisters, Mitchell Ayres & His Orchestra",3,1958,1,1,6290,0,89,39,158,0,0,113,G,Major,73,72,32,77,0,15,5
821,The Heart Part 5,Kendrick Lamar,1,2022,5,8,2939,0,29,0,30,0,0,98,G#,Minor,76,79,81,18,0,6,34
771,Rich Spirit,Kendrick Lamar,1,2022,5,13,3486,0,20,10,33,0,0,96,A#,Minor,85,41,43,39,0,12,21
105,Primera Cita,Carin Leon,1,2022,4,20,266,27,6,40,6,6,202,158,A#,Major,54,50,40,61,0,10,6
565,deja vu,Olivia Rodrigo,1,2021,4,1,7545,4,117,39,141,0,46,181,A,Major,44,22,60,61,0,42,9
389,"Sex, Drugs, Etc.",Beach Weather,1,2016,11,4,3006,16,47,60,87,12,124,144,E,Minor,57,47,84,1,1,52,4
1,LALA,Myke Towers,1,2023,3,23,1474,48,48,126,58,14,382,92,C#,Major,71,61,74,7,0,10,4
891,"Come Back Home - From ""Purple Hearts""",Sofia Carson,1,2022,7,12,367,0,28,67,195,0,0,145,G,Major,56,43,53,24,0,12,4
935,On BS,"Drake, 21 Savage",2,2022,11,4,1338,0,9,20,7,0,0,158,A,Major,84,33,36,2,0,39,59
561,Sad Girlz Luv Money Remix (feat. Kali Uchis),"Kali Uchis, Amaarae, Moliy",3,2021,9,16,3643,0,69,3,70,0,3,110,C#,Minor,86,31,53,43,0,11,6
80,Riptide,Vance Joy,1,1975,1,1,31123,55,300,65,"1,003",1,0,102,C#,Major,48,50,73,43,0,15,4
205,S-Class,Stray Kids,1,2023,6,2,290,19,9,101,5,0,73,105,F,Minor,89,67,78,9,0,7,33
34,TQG,"Karol G, Shakira",2,2023,2,23,4284,49,115,123,184,18,354,180,E,Minor,72,61,63,67,0,9,28
775,La Corriente,"Tony Dize, Bad Bunny",2,2022,5,6,1796,8,8,25,18,1,0,196,B,Minor,66,58,79,23,0,22,20
508,How Do I Make You Love Me?,The Weeknd,1,2022,1,7,1915,0,7,47,15,0,0,121,G,Minor,80,62,51,2,0,9,8
427,Where Are You Now,"Lost Frequencies, Calum Scott",2,2021,7,30,10565,44,238,122,557,17,58,121,F#,Minor,67,26,64,52,0,17,10
454,Sleigh Ride,The Ronettes,1,1963,11,22,10114,0,114,74,262,0,0,92,D,Major,53,84,77,40,0,32,3
366,Revenge,XXXTENTACION,1,2017,8,25,3600,11,7,0,203,0,2,140,B,Minor,75,18,25,78,0,11,26
91,What It Is (Solo Version),Doechii,1,2023,3,17,804,25,29,76,24,0,162,172,C#,Minor,74,76,76,6,0,10,9
339,Everything I Love,Morgan Wallen,1,2023,1,31,579,0,11,54,0,0,103,104,G#,Major,56,72,85,0,0,15,3
564,You Right,"Doja Cat, The Weeknd",2,2021,6,24,5073,0,83,9,100,0,4,129,G#,Major,83,44,62,2,0,8,6
345,SPIT IN MY FACE!,ThxSoMch,1,2022,10,31,629,14,32,3,9,0,0,94,G#,Major,73,65,79,5,2,11,6
776,Count Me Out,Kendrick Lamar,1,2022,5,13,2729,0,3,7,13,0,1,134,G,Major,78,51,43,69,0,14,9
241,Cupido,Tini,1,2023,2,14,1240,24,51,29,63,4,54,120,A,Major,91,63,58,52,0,31,22
13,Daylight,David Kushner,1,2023,4,14,3528,98,80,156,182,24,"1,281",130,D,Minor,51,32,43,83,0,9,3
315,If We Ever Broke Up,Mae Stephens,1,2023,2,10,2040,4,81,27,66,9,444,116,G,Major,90,96,73,62,0,9,4
600,I WANNA BE YOUR SLAVE,Mï¿½ï¿½ne,1,2021,3,19,4873,0,65,88,434,3,13,133,C#,Major,75,96,61,0,0,18,4
387,Lift Me Up - From Black Panther: Wakanda Forever - Music From and Inspired By,Rihanna,1,2022,10,28,3311,0,129,31,212,1,41,177,A,Major,25,17,30,90,0,13,3
273,Di Que Si,"Grupo Marca Registrada, Grupo Frontera",2,2023,2,3,356,10,4,64,4,2,37,182,A,Major,57,80,59,8,0,6,5
166,Every Breath You Take - Remastered 2003,The Police,1,1983,1,6,22439,19,211,74,929,0,129,117,C#,Major,82,73,45,54,0,7,3
840,Pass The Dutchie,Musical Youth,1,1982,1,1,5328,0,54,76,900,0,0,151,G,Major,73,88,67,20,0,32,5
945,BackOutsideBoyz,Drake,1,2022,11,4,1045,0,8,5,2,0,0,142,F,Minor,85,40,43,4,0,39,32
646,Miï¿½ï¿½n,"Tini, Maria Becerra",2,2021,4,29,3406,16,61,23,70,1,0,92,D,Major,85,92,54,16,0,29,7
818,SPACE MAN,Sam Ryder,1,2022,2,22,1329,0,42,51,32,0,0,80,B,Major,47,33,83,18,0,10,5
484,Smoking on my Ex Pack,SZA,1,2022,12,9,811,0,6,11,3,0,0,81,G#,Major,47,33,68,24,0,22,38
933,Vigilante Shit,Taylor Swift,1,2022,10,21,1948,0,12,9,16,0,0,80,E,Minor,80,16,28,17,0,12,39
504,Out of Time,The Weeknd,1,2022,1,7,3711,0,49,88,62,0,,93,,Minor,65,82,74,27,0,32,5
831,Daylight,Harry Styles,1,2022,5,20,2775,0,21,11,40,0,0,146,,Major,69,63,45,48,0,18,4
243,Unstoppable,Sia,1,2016,1,21,7681,13,119,66,"1,145",2,,174,A,Major,47,27,78,11,0,10,8
566,Dynamite,BTS,1,2020,8,21,8528,5,239,163,583,0,,114,F#,Minor,75,74,77,1,0,9,10
875,Hot Shit (feat. Ye & Lil Durk),"Kanye West, Lil Durk, Cardi B",3,2022,7,1,1601,0,11,0,2,0,0,157,A,Major,88,52,69,0,0,8,23
562,Butter,BTS,1,2021,5,21,4779,6,180,135,223,0,5,110,G#,Major,79,70,36,0,0,6,11
686,Still Don't Know My Name,Labrinth,1,2019,10,4,6332,0,47,116,266,0,0,88,F,Major,31,31,63,47,27,21,12
189,Take Me To Church,Hozier,1,2013,9,13,23804,31,187,99,"4,623",1,0,129,E,Minor,57,41,66,63,0,12,5
782,Otro Atardecer,"Bad Bunny, The Marï¿½ï",2,2022,5,6,1681,7,10,30,13,0,33,108,D,Major,78,55,60,59,0,7,4
699,Bam Bam (feat. Ed Sheeran),"Camila Cabello, Ed Sheeran",2,2022,3,4,6111,4,185,40,492,9,35,95,G#,Major,76,96,70,18,0,33,4
475,Merry Christmas,"Ed Sheeran, Elton John",2,2017,11,10,2209,0,72,90,141,0,0,114,,Major,59,60,94,24,0,10,4
681,Worst Day,Future,1,2022,2,11,910,0,20,3,24,0,0,89,C#,Major,65,60,60,11,0,10,40
510,Infinity,Jaymes Young,1,2017,6,23,4375,0,24,0,396,0,0,122,B,Minor,67,50,67,15,0,30,4
58,S91,Karol G,1,2023,7,14,525,41,34,115,39,6,216,128,,Minor,86,42,72,59,0,9,19
474,Notice Me,SZA,1,2022,12,9,819,0,14,22,0,0,0,160,F,Major,72,78,68,28,0,11,12
560,Life Goes On,Oliver Tree,1,2020,7,17,2868,0,43,15,116,0,,80,,Major,70,57,49,19,0,12,8
856,SLOW DANCING IN THE DARK,Joji,1,2018,9,12,10211,0,38,79,65,0,1,89,D#,Major,52,28,48,54,1,19,3
747,Soy El Unico,Yahritza Y Su Esencia,1,2022,3,25,226,0,5,0,4,0,1,84,E,Minor,71,63,45,45,0,11,3
252,The Color Violet,Tory Lanez,1,2021,12,10,2585,32,3,79,21,1,54,105,F#,Minor,65,46,53,16,0,9,5
21,I Can See You (Taylorï¿½ï¿½ï¿½s Version) (From The ,Taylor Swift,1,2023,7,7,516,38,73,119,42,1,150,123,F#,Major,69,82,76,6,0,6,3
313,Dijeron Que No La Iba Lograr,"Fuerza Regida, Chino Pacas",2,2023,3,14,320,6,5,48,2,1,9,142,G,Minor,70,76,79,26,0,11,7
459,A Holly Jolly Christmas - Single Version,Burl Ives,1,1952,1,1,7930,0,108,120,73,0,0,140,,Major,67,81,36,64,0,15,3
160,PRC,"Natanael Cano, Peso Pluma",2,2023,1,23,961,26,19,143,10,6,15,138,G,Minor,78,89,83,10,0,12,5
276,Shoong! (feat. LISA of BLACKPINK),"TAEYANG, Lisa",2,2023,4,25,351,9,16,90,10,0,64,110,B,Minor,76,26,70,1,0,41,6
191,You Belong With Me (Taylorï¿½ï¿½ï¿½s Ve,Taylor Swift,1,2021,4,9,2619,12,47,90,1,0,7,130,F#,Major,63,49,73,5,0,9,3
385,VIBE (feat. Jimin of BTS),"TAEYANG, Jimin",2,2023,1,13,415,2,15,40,21,1,15,100,,Major,79,60,68,7,0,26,4
805,Beautiful Girl,Luciano,1,2022,4,22,710,4,16,11,18,0,0,140,B,Minor,84,61,42,31,0,9,9
413,PUNTO 40,"Baby Rasta, Rauw Alejandro",2,2022,9,22,3006,12,54,32,66,2,0,107,,Major,87,20,83,0,4,31,9
491,You Make It Feel Like Christmas (feat. Blake Shelton),"Gwen Stefani, Blake Shelton",2,2005,9,20,2577,0,108,56,30,0,0,93,F,Major,63,93,88,1,0,12,4
343,I Wrote The Book,Morgan Wallen,1,2023,1,31,430,0,15,17,0,0,0,144,D,Major,68,83,81,9,0,8,4
769,Father Time (feat. Sampha),"Kendrick Lamar, Sampha",2,2022,5,13,3107,0,4,0,22,0,0,153,A#,Minor,55,50,78,19,0,11,35
308,Late Night Talking,Harry Styles,1,2022,5,20,7461,8,166,42,199,16,58,115,A#,Major,71,90,73,30,0,11,5
661,All For Us - from the HBO Original Series Euphoria,"Labrinth, Zendaya",2,2019,8,4,5342,0,33,123,7,0,4,141,D#,Major,37,17,67,2,0,34,9
130,Queencard,(G)I-DLE,1,2023,5,15,451,33,10,126,7,0,148,130,E,Minor,82,69,83,3,0,27,5
663,Formula,Labrinth,1,2019,10,4,3444,7,24,85,102,0,1,145,B,Major,57,23,66,4,6,15,4
871,Sweet Child O' Mine,Guns N' Roses,1,1987,1,1,41231,1,228,151,"6,720",3,99,125,F#,Major,45,67,90,9,11,10,5
99,Take Two,BTS,1,2023,6,9,674,47,20,106,25,4,78,93,G,Major,62,57,59,3,0,38,3
372,About Damn Time,Lizzo,1,2022,7,15,2332,2,0,0,25,0,0,109,A#,Minor,84,72,74,10,0,34,7
87,Me Porto Bonito,"Chencho Corleone, Bad Bunny",2,2022,5,6,8870,43,104,120,141,26,49,92,C#,Minor,91,43,71,9,0,9,8
458,Used (feat. Don Toliver),"SZA, Don Toliver",2,2022,12,8,1042,0,7,29,3,0,0,150,A#,Minor,73,71,69,53,0,32,9
330,Low,SZA,1,2022,12,9,1911,0,23,71,14,0,9,145,,Minor,70,34,55,43,0,16,6
214,"All The Way Live (Spider-Man: Across the Spider-Verse) (Metro Boomin & Future, Lil Uzi Vert)","Future, Lil Uzi Vert, Metro Boomin",3,2023,6,2,259,0,5,17,5,0,0,135,A,Minor,77,28,55,18,0,22,15
466,Let It Snow! Let It Snow! Let It Snow!,"Frank Sinatra, B. Swanson Quartet",2,1950,1,1,10585,0,126,108,406,0,0,143,D,Major,60,86,32,88,0,34,6
121,Miracle (with Ellie Goulding),"Calvin Harris, Ellie Goulding",2,2023,3,10,5120,48,161,115,246,9,638,143,A,Major,64,31,87,4,4,8,4
614,you broke me first,Tate McRae,1,2020,4,17,6638,0,167,19,318,0,1,124,E,Major,64,8,37,79,0,9,5
20,LADY GAGA,"Gabito Ballesteros, Junior H, Peso Pluma",3,2023,6,22,332,26,11,163,10,4,0,140,F,Minor,65,87,74,22,0,42,4
700,Una Noche en Medellï¿½,Cris Mj,1,2022,1,21,5415,32,46,16,53,1,2,96,A#,Minor,87,82,53,10,0,5,8
71,Heat Waves,Glass Animals,1,2020,6,28,22543,63,386,144,707,28,,81,B,Major,76,53,53,44,0,9,9
106,Cold Heart - PNAU Remix,"Dua Lipa, Elton John, Pnau",3,2017,11,10,21097,52,384,135,"1,034",37,312,116,C#,Major,80,92,80,4,0,10,3
270,All Of The Girls You Loved Before,Taylor Swift,1,2019,8,23,1282,6,26,6,19,0,5,96,D,Major,72,40,47,71,0,13,4
860,Tak Ingin Usai,Keisya Levronka,1,2022,5,13,220,4,16,5,0,0,6,130,,Major,49,14,40,82,0,11,3
435,Shut up My Moms Calling - (Sped Up),Hotel Ugly,1,2022,9,14,713,7,2,4,6,0,0,85,F,Minor,65,36,47,31,0,12,10
102,Chemical,Post Malone,1,2023,4,14,2528,39,56,91,59,3,486,170,D,Major,50,37,90,0,0,12,5
